"Color","University.Name","Admission.Rate","SAT.Average","Year"
"Normal","Alabama A & M University",52.56,827,"2014_15"
"Normal","University of Alabama at Birmingham",85.69,1107,"2014_15"
"Normal","University of Alabama in Huntsville",82.03,1219,"2014_15"
"Normal","Alabama State University",53.26,851,"2014_15"
"Normal","The University of Alabama",51.05,1185,"2014_15"
"Normal","Auburn University at Montgomery",80.17,1009,"2014_15"
"Normal","Auburn University",83.47,1215,"2014_15"
"Normal","Birmingham-Southern College",53.39,1181,"2014_15"
"Normal","Concordia College Alabama",53.28,942,"2014_15"
"Normal","Huntingdon College",58.39,1026,"2014_15"
"Normal","Jacksonville State University",83.26,1041,"2014_15"
"Normal","University of West Alabama",71.99,990,"2014_15"
"Normal","University of Mobile",58.47,1014,"2014_15"
"Normal","University of Montevallo",74.3,1070,"2014_15"
"Normal","University of North Alabama",67.88,1029,"2014_15"
"Normal","Oakwood University",47.87,928,"2014_15"
"Normal","Samford University",81.91,1165,"2014_15"
"Normal","University of South Alabama",83.51,1048,"2014_15"
"Normal","Spring Hill College",51.77,1116,"2014_15"
"Normal","Southeastern Bible College",100,930,"2014_15"
"Normal","Stillman College",59.01,811,"2014_15"
"Normal","Troy University",73.26,1047,"2014_15"
"Normal","Tuskegee University",49.22,978,"2014_15"
"Normal","Alaska Pacific University",42.07,1054,"2014_15"
"Normal","Arizona State University Campus Immersion",84.33,1145,"2014_15"
"Normal","Prescott College",68.73,1073,"2014_15"
"Normal","Arizona Christian University",56.73,988,"2014_15"
"Normal","University of Arkansas at Little Rock",59.28,1048,"2014_15"
"Normal","Lyon College",61.42,1109,"2014_15"
"Normal","University of Arkansas",62.04,1155,"2014_15"
"Normal","University of Arkansas at Pine Bluff",38.68,886,"2014_15"
"Normal","Arkansas State University",72.39,1088,"2014_15"
"Normal","Arkansas Tech University",86.26,1010,"2014_15"
"Normal","University of Central Arkansas",94.26,1049,"2014_15"
"Normal","Central Baptist College",56.97,985,"2014_15"
"Normal","Harding University",99.12,1131,"2014_15"
"Normal","Henderson State University",62.78,989,"2014_15"
"Normal","Hendrix College",82.82,1244,"2014_15"
"Normal","Ouachita Baptist University",70.61,1112,"2014_15"
"Normal","University of the Ozarks",88.92,1061,"2014_15"
"Normal","Williams Baptist University",70.49,983,"2014_15"
"Normal","Southern Arkansas University Main Campus",71.42,989,"2014_15"
"Normal","Azusa Pacific University",81.83,1037,"2014_15"
"Normal","Biola University",75.4,1122,"2014_15"
"Normal","California Baptist University",79.61,976,"2014_15"
"Normal","California Institute of Technology",8.83,1545,"2014_15"
"Normal","California Lutheran University",60.97,1109,"2014_15"
"Normal","California Polytechnic State University-San Luis Obispo",30.89,1234,"2014_15"
"Normal","California State University-San Bernardino",84.45,884,"2014_15"
"Normal","California State Polytechnic University-Pomona",51.87,1074,"2014_15"
"Normal","California State University-Chico",70.96,996,"2014_15"
"Normal","California State University-Fresno",59.4,910,"2014_15"
"Normal","California State University-Fullerton",44.47,1021,"2014_15"
"Normal","California State University-Long Beach",35.46,1054,"2014_15"
"Normal","California State University-Los Angeles",61.07,871,"2014_15"
"Normal","California State University-Northridge",52.86,914,"2014_15"
"Normal","California State University-Sacramento",72.65,937,"2014_15"
"Normal","University of California-Berkeley",16.02,1382,"2014_15"
"Normal","University of California-Davis",40.37,1226,"2014_15"
"Normal","University of California-Irvine",37.42,1168,"2014_15"
"Normal","University of California-Los Angeles",18.56,1330,"2014_15"
"Normal","University of California-Riverside",58.29,1128,"2014_15"
"Normal","University of California-San Diego",33.29,1313,"2014_15"
"Normal","University of California-Santa Barbara",36.34,1253,"2014_15"
"Normal","University of California-Santa Cruz",55.72,1149,"2014_15"
"Normal","Chapman University",47.04,1210,"2014_15"
"Normal","Concordia University-Irvine",86.08,1038,"2014_15"
"Normal","San Diego Christian College",55.5,992,"2014_15"
"Normal","Claremont McKenna College",10.77,1419,"2014_15"
"Normal","Dominican University of California",80.92,1047,"2014_15"
"Normal","Fresno Pacific University",66.62,1010,"2014_15"
"Normal","Harvey Mudd College",14.25,1500,"2014_15"
"Normal","Holy Names University",57.06,885,"2014_15"
"Normal","Humboldt State University",76.55,986,"2014_15"
"Normal","Life Pacific University",66.33,903,"2014_15"
"Normal","University of La Verne",46.56,1014,"2014_15"
"Normal","La Sierra University",40.64,934,"2014_15"
"Normal","The Master's University and Seminary",75.88,1103,"2014_15"
"Normal","Loyola Marymount University",52.71,1218,"2014_15"
"Normal","Menlo College",45.06,995,"2014_15"
"Normal","Mills College",76.14,1152,"2014_15"
"Normal","Mount Saint Mary's University",78.3,902,"2014_15"
"Normal","Notre Dame de Namur University",77.71,932,"2014_15"
"Normal","Occidental College",42.04,1300,"2014_15"
"Normal","Otis College of Art and Design",66.48,1010,"2014_15"
"Normal","Hope International University",31,896,"2014_15"
"Normal","Pacific Union College",47.44,1017,"2014_15"
"Normal","University of the Pacific",54.9,1185,"2014_15"
"Normal","Pepperdine University",35.46,1234,"2014_15"
"Normal","Point Loma Nazarene University",69.53,1135,"2014_15"
"Normal","Pomona College",12.19,1454,"2014_15"
"Normal","University of Redlands",73.09,1110,"2014_15"
"Normal","San Diego State University",34.48,1115,"2014_15"
"Normal","University of San Diego",46.25,1243,"2014_15"
"Normal","San Francisco State University",65.97,990,"2014_15"
"Normal","University of San Francisco",60.05,1152,"2014_15"
"Normal","William Jessup University",75.81,1009,"2014_15"
"Normal","San Jose State University",59.85,1038,"2014_15"
"Normal","Santa Clara University",49.35,1309,"2014_15"
"Normal","Scripps College",28.4,1360,"2014_15"
"Normal","Simpson University",57.36,1024,"2014_15"
"Normal","Saint Mary's College of California",75.95,1109,"2014_15"
"Normal","Sonoma State University",80.02,984,"2014_15"
"Normal","Vanguard University of Southern California",58,970,"2014_15"
"Normal","Southern California Institute of Architecture",80.79,1151,"2014_15"
"Normal","University of Southern California",18.02,1380,"2014_15"
"Normal","Thomas Aquinas College",82.7,1261,"2014_15"
"Normal","Westmont College",79.36,1175,"2014_15"
"Normal","Whittier College",61.88,1061,"2014_15"
"Normal","Adams State University",65.29,955,"2014_15"
"Normal","University of Colorado Denver/Anschutz Medical Campus",72.99,1055,"2014_15"
"Normal","University of Colorado Colorado Springs",92.4,1089,"2014_15"
"Normal","University of Colorado Boulder",84.16,1207,"2014_15"
"Normal","Colorado School of Mines",36.47,1333,"2014_15"
"Normal","Colorado State University-Fort Collins",80.48,1128,"2014_15"
"Normal","University of Denver",76.49,1231,"2014_15"
"Normal","Fort Lewis College",90.82,1020,"2014_15"
"Normal","Colorado Mesa University",82.27,970,"2014_15"
"Normal","Metropolitan State University of Denver",65.11,973,"2014_15"
"Normal","University of Northern Colorado",70.88,1033,"2014_15"
"Normal","Regis University",96.04,1108,"2014_15"
"Normal","Colorado State University Pueblo",92.78,971,"2014_15"
"Normal","United States Air Force Academy",16.55,1324,"2014_15"
"Normal","Western Colorado University",97.41,990,"2014_15"
"Normal","University of Bridgeport",60.72,899,"2014_15"
"Normal","Central Connecticut State University",60.44,1015,"2014_15"
"Normal","University of Connecticut",49.96,1246,"2014_15"
"Normal","University of Hartford",72.13,1000,"2014_15"
"Normal","University of New Haven",80.86,1063,"2014_15"
"Normal","Post University",87.07,855,"2014_15"
"Normal","Quinnipiac University",65.91,1104,"2014_15"
"Normal","University of Saint Joseph",79.97,969,"2014_15"
"Normal","Southern Connecticut State University",71.54,932,"2014_15"
"Normal","United States Coast Guard Academy",18.08,1260,"2014_15"
"Normal","Western Connecticut State University",40.03,981,"2014_15"
"Normal","Yale University",6.3,1493,"2014_15"
"Normal","Delaware State University",43.74,894,"2014_15"
"Normal","University of Delaware",67.83,1194,"2014_15"
"Normal","Wesley College",56.7,853,"2014_15"
"Normal","American University",45.84,1252,"2014_15"
"Normal","The Catholic University of America",73.91,1130,"2014_15"
"Normal","Gallaudet University",65.32,849,"2014_15"
"Normal","George Washington University",43.79,1297,"2014_15"
"Single","Georgetown University",17.35,1414,"2014_15"
"Normal","Howard University",48.41,1105,"2014_15"
"Normal","The Baptist College of Florida",55.56,962,"2014_15"
"Normal","Barry University",46.11,938,"2014_15"
"Normal","Bethune-Cookman University",63.71,803,"2014_15"
"Normal","Lynn University",74.87,980,"2014_15"
"Normal","Johnson University Florida",35.33,940,"2014_15"
"Normal","University of Central Florida",49.61,1185,"2014_15"
"Normal","Clearwater Christian College",61.92,974,"2014_15"
"Normal","Eckerd College",72.74,1153,"2014_15"
"Normal","Edward Waters College",52.95,825,"2014_15"
"Normal","Florida Agricultural and Mechanical University",48.95,948,"2014_15"
"Normal","Florida Atlantic University",66.03,1058,"2014_15"
"Normal","Flagler College",47.88,1058,"2014_15"
"Normal","AdventHealth University",100,928,"2014_15"
"Normal","Florida Institute of Technology",61.57,1176,"2014_15"
"Normal","Florida International University",52.78,1089,"2014_15"
"Normal","Florida Southern College",44.81,1147,"2014_15"
"Normal","Florida State University",55.39,1228,"2014_15"
"Normal","University of Florida",45.61,1273,"2014_15"
"Normal","University of Miami",38.18,1330,"2014_15"
"Normal","University of North Florida",60.57,1133,"2014_15"
"Normal","Northwood University-Florida",39.79,919,"2014_15"
"Normal","Nova Southeastern University",48.81,1143,"2014_15"
"Normal","Palm Beach Atlantic University",95.27,1071,"2014_15"
"Normal","University of South Florida",53.16,1162,"2014_15"
"Normal","St. Thomas University",84.9,919,"2014_15"
"Normal","Southeastern University",43.94,965,"2014_15"
"Normal","The University of Tampa",51.88,1094,"2014_15"
"Normal","Trinity Baptist College",63.68,899,"2014_15"
"Normal","Warner University",26,863,"2014_15"
"Normal","Webber International University",50.56,950,"2014_15"
"Normal","The University of West Florida",41.67,1065,"2014_15"
"Normal","Albany State University",47.29,875,"2014_15"
"Normal","Armstrong State University",68.03,1006,"2014_15"
"Normal","Point University",51.89,917,"2014_15"
"Normal","Clark Atlanta University",84.67,860,"2014_15"
"Normal","Berry College",60.83,1183,"2014_15"
"Normal","Brenau University",75.81,985,"2014_15"
"Normal","Clayton  State University",42.45,930,"2014_15"
"Normal","Columbus State University",55.22,976,"2014_15"
"Normal","Covenant College",96.64,1175,"2014_15"
"Normal","Emmanuel College",49.12,960,"2014_15"
"Normal","Emory University",26.82,1366,"2014_15"
"Normal","Fort Valley State University",24.19,873,"2014_15"
"Single","Georgia Institute of Technology-Main Campus",33.38,1400,"2014_15"
"Normal","Georgia Southwestern State University",69.64,970,"2014_15"
"Normal","Georgia College & State University",76.24,1132,"2014_15"
"Normal","Georgia Southern University",63.1,1099,"2014_15"
"Normal","Georgia State University",59.44,1055,"2014_15"
"Normal","University of Georgia",55.72,1248,"2014_15"
"Normal","Kennesaw State University",53.45,1076,"2014_15"
"Normal","LaGrange College",55.25,1035,"2014_15"
"Normal","Mercer University",66.72,1205,"2014_15"
"Normal","Morehouse College",84.03,1004,"2014_15"
"Normal","Oglethorpe University",78.23,1139,"2014_15"
"Normal","Paine College",30,760,"2014_15"
"Normal","Piedmont University",57.55,968,"2014_15"
"Normal","Reinhardt University",90.02,975,"2014_15"
"Normal","Savannah College of Art and Design",66.55,1081,"2014_15"
"Normal","Savannah State University",77.63,847,"2014_15"
"Normal","Shorter University",69.22,951,"2014_15"
"Normal","Spelman College",54,1005,"2014_15"
"Normal","Southern Polytechnic State University",79.06,1134,"2014_15"
"Normal","Toccoa Falls College",37.05,970,"2014_15"
"Normal","Truett McConnell University",96.33,971,"2014_15"
"Normal","Valdosta State University",54.14,1018,"2014_15"
"Normal","University of West Georgia",48.61,950,"2014_15"
"Normal","Young Harris College",50.29,990,"2014_15"
"Normal","Chaminade University of Honolulu",85.62,958,"2014_15"
"Normal","University of Hawaii at Hilo",71.34,936,"2014_15"
"Normal","University of Hawaii at Manoa",78.82,1070,"2014_15"
"Normal","Boise Bible College",92.75,996,"2014_15"
"Normal","Boise State University",77,1042,"2014_15"
"Normal","University of Idaho",67.48,1057,"2014_15"
"Normal","The College of Idaho",92.9,1076,"2014_15"
"Normal","Lewis-Clark State College",99.04,923,"2014_15"
"Normal","Northwest Nazarene University",65.07,1052,"2014_15"
"Normal","Brigham Young University-Idaho",99.62,1041,"2014_15"
"Normal","School of the Art Institute of Chicago",69.15,1065,"2014_15"
"Normal","Aurora University",81.1,1010,"2014_15"
"Normal","Blackburn College",65.1,989,"2014_15"
"Normal","Bradley University",64.3,1162,"2014_15"
"Normal","Chicago State University",29.96,870,"2014_15"
"Normal","University of Chicago",8.76,1505,"2014_15"
"Normal","Concordia University-Chicago",53.85,1031,"2014_15"
"Normal","Eastern Illinois University",49.76,1010,"2014_15"
"Normal","Elmhurst University",67.71,1089,"2014_15"
"Normal","Eureka College",64.48,1053,"2014_15"
"Normal","Governors State University",94.09,909,"2014_15"
"Normal","Greenville University",55.68,1056,"2014_15"
"Normal","Hebrew Theological College",92.84,1030,"2014_15"
"Normal","University of Illinois Chicago",74.48,1125,"2014_15"
"Normal","Benedictine University",77.17,1030,"2014_15"
"Normal","University of Illinois Urbana-Champaign",59.04,1326,"2014_15"
"Normal","Illinois Wesleyan University",60.43,1249,"2014_15"
"Normal","Illinois Institute of Technology",50.6,1266,"2014_15"
"Normal","Illinois State University",73.88,1110,"2014_15"
"Normal","Judson University",73.12,1080,"2014_15"
"Normal","Lewis University",61.91,1070,"2014_15"
"Normal","Lincoln Christian University",47.58,1006,"2014_15"
"Normal","Loyola University Chicago",63.34,1212,"2014_15"
"Normal","MacMurray College",78.37,970,"2014_15"
"Normal","McKendree University",61.15,1048,"2014_15"
"Normal","Methodist College",43.86,930,"2014_15"
"Normal","Millikin University",62.73,1046,"2014_15"
"Normal","Monmouth College",69.06,1033,"2014_15"
"Normal","North Central College",59.84,1125,"2014_15"
"Normal","North Park University",54.61,1025,"2014_15"
"Normal","Northern Illinois University",50.89,1030,"2014_15"
"Normal","Northwestern University",13.11,1461,"2014_15"
"Normal","Northeastern Illinois University",57.61,890,"2014_15"
"Normal","Olivet Nazarene University",74.49,1105,"2014_15"
"Normal","Principia College",79.15,1093,"2014_15"
"Normal","Quincy University",88.93,1024,"2014_15"
"Normal","Rockford University",54.8,1009,"2014_15"
"Normal","Roosevelt University",77.64,1050,"2014_15"
"Normal","Dominican University",60.67,1029,"2014_15"
"Normal","University of St Francis",50.56,1064,"2014_15"
"Normal","Saint Xavier University",49.64,1008,"2014_15"
"Normal","University of Illinois Springfield",61.58,1081,"2014_15"
"Normal","Southern Illinois University-Carbondale",81.53,1055,"2014_15"
"Normal","Southern Illinois University-Edwardsville",86.96,1070,"2014_15"
"Normal","Trinity Christian College",90.22,1080,"2014_15"
"Normal","Trinity International University-Illinois",100,1062,"2014_15"
"Normal","VanderCook College of Music",76.09,1109,"2014_15"
"Normal","Western Illinois University",69.64,970,"2014_15"
"Normal","Wheaton College",69.15,1311,"2014_15"
"Normal","Anderson University",54.91,1048,"2014_15"
"Normal","Ball State University",59.88,1066,"2014_15"
"Normal","Bethel University",70.53,1040,"2014_15"
"Normal","Butler University",68.46,1205,"2014_15"
"Normal","DePauw University",56.6,1213,"2014_15"
"Normal","University of Evansville",82.95,1144,"2014_15"
"Normal","Franklin College",69.22,1031,"2014_15"
"Normal","Goshen College",54,1109,"2014_15"
"Normal","Grace College and Theological Seminary",80.12,1110,"2014_15"
"Normal","Hanover College",64.47,1101,"2014_15"
"Normal","Holy Cross College",93.16,969,"2014_15"
"Normal","Huntington University",97.11,1034,"2014_15"
"Normal","Purdue University Fort Wayne",90.87,1002,"2014_15"
"Normal","Indiana University-Purdue University-Indianapolis",70.49,1010,"2014_15"
"Normal","University of Indianapolis",66.48,1018,"2014_15"
"Normal","Indiana Institute of Technology",70.57,965,"2014_15"
"Normal","University of Southern Indiana",71.34,1001,"2014_15"
"Normal","Indiana State University",82.54,913,"2014_15"
"Normal","Indiana University-Kokomo",67.26,934,"2014_15"
"Normal","Indiana University-South Bend",73.33,942,"2014_15"
"Normal","Indiana University-Bloomington",76.09,1198,"2014_15"
"Normal","Indiana University-Northwest",76.78,916,"2014_15"
"Normal","Indiana University-Southeast",80.32,959,"2014_15"
"Normal","Indiana University-East",63.76,943,"2014_15"
"Normal","Manchester University",74.28,1000,"2014_15"
"Normal","Marian University",56.44,1036,"2014_15"
"Normal","Indiana Wesleyan University-Marion",95.05,1081,"2014_15"
"Normal","University of Notre Dame",21.14,1450,"2014_15"
"Normal","Oakland City University",55.04,960,"2014_15"
"Normal","Purdue University-Calumet Campus",59.68,965,"2014_15"
"Normal","Purdue University-North Central Campus",72.51,959,"2014_15"
"Single","Rose-Hulman Institute of Technology",58.79,1308,"2014_15"
"Normal","University of Saint Francis-Fort Wayne",96.86,981,"2014_15"
"Normal","Saint Josephs College",66.41,996,"2014_15"
"Normal","Saint Mary-of-the-Woods College",69.37,943,"2014_15"
"Normal","Saint Mary's College",83.34,1144,"2014_15"
"Normal","Taylor University",88.03,1184,"2014_15"
"Normal","Trine University",75.99,1078,"2014_15"
"Normal","Valparaiso University",82.36,1155,"2014_15"
"Normal","Wabash College",69.98,1128,"2014_15"
"Normal","Briar Cliff University",61.69,1005,"2014_15"
"Normal","Buena Vista University",67.89,1047,"2014_15"
"Normal","Central College",68.9,1101,"2014_15"
"Normal","Clarke University",70.49,1029,"2014_15"
"Normal","Coe College",55.3,1146,"2014_15"
"Normal","Cornell College",73.63,1200,"2014_15"
"Normal","Dordt University",72.99,1100,"2014_15"
"Normal","Drake University",69.26,1239,"2014_15"
"Normal","University of Dubuque",77.88,941,"2014_15"
"Normal","Faith Baptist Bible College and Theological Seminary",67.33,1004,"2014_15"
"Normal","Graceland University-Lamoni",49.84,938,"2014_15"
"Normal","Grand View University",98.7,967,"2014_15"
"Normal","Grinnell College",28.01,1398,"2014_15"
"Normal","Iowa State University",86.91,1145,"2014_15"
"Normal","Iowa Wesleyan University",41.07,990,"2014_15"
"Normal","University of Iowa",80.95,1164,"2014_15"
"Normal","Loras College",95.13,1088,"2014_15"
"Normal","Luther College",71.16,1157,"2014_15"
"Normal","Morningside College",56.82,1065,"2014_15"
"Normal","Mount Mercy University",56.83,1030,"2014_15"
"Normal","University of Northern Iowa",76.91,1050,"2014_15"
"Normal","Northwestern College",77.83,1103,"2014_15"
"Normal","Saint Ambrose University",96.07,1050,"2014_15"
"Normal","Simpson College",85.45,1125,"2014_15"
"Normal","Upper Iowa University",69.94,950,"2014_15"
"Normal","Waldorf University",68.85,913,"2014_15"
"Normal","Wartburg College",78.83,1100,"2014_15"
"Normal","Baker University",69.53,1059,"2014_15"
"Normal","Benedictine College",97.78,1120,"2014_15"
"Normal","Bethany College",97.45,969,"2014_15"
"Normal","Bethel College-North Newton",49.1,1000,"2014_15"
"Normal","Central Christian College of Kansas",49.63,966,"2014_15"
"Normal","Emporia State University",76.49,1009,"2014_15"
"Normal","Friends University",61.38,1029,"2014_15"
"Normal","University of Kansas",91.42,1145,"2014_15"
"Normal","Newman University",52.81,1076,"2014_15"
"Normal","Kansas Wesleyan University",61.47,1059,"2014_15"
"Normal","Manhattan Christian College",59.09,1030,"2014_15"
"Normal","McPherson College",99.28,1005,"2014_15"
"Normal","MidAmerica Nazarene University",68.99,1010,"2014_15"
"Normal","Pittsburg State University",79.19,1010,"2014_15"
"Normal","University of Saint Mary",47.5,1002,"2014_15"
"Normal","Southwestern College",87.93,1007,"2014_15"
"Normal","Sterling College",44.37,978,"2014_15"
"Normal","Tabor College",85.68,1037,"2014_15"
"Normal","Alice Lloyd College",36.17,1008,"2014_15"
"Normal","Asbury University",68.7,1135,"2014_15"
"Normal","Bellarmine University",83.4,1120,"2014_15"
"Normal","Berea College",33.66,1125,"2014_15"
"Normal","Brescia University",49.27,1039,"2014_15"
"Normal","Campbellsville University",72.72,964,"2014_15"
"Normal","Centre College",71.57,1263,"2014_15"
"Normal","University of the Cumberlands",66.28,1038,"2014_15"
"Normal","Eastern Kentucky University",73.87,1008,"2014_15"
"Normal","Georgetown College",88.75,1102,"2014_15"
"Normal","Kentucky Mountain Bible College",54,1010,"2014_15"
"Normal","Kentucky State University",47.69,883,"2014_15"
"Normal","Kentucky Wesleyan College",60.72,1021,"2014_15"
"Normal","University of Kentucky",72.21,1142,"2014_15"
"Normal","Kentucky Christian University",47.74,966,"2014_15"
"Normal","University of Louisville",73.86,1144,"2014_15"
"Normal","Morehead State University",84.43,1029,"2014_15"
"Normal","Murray State University",79.96,1064,"2014_15"
"Normal","Northern Kentucky University",90.72,1046,"2014_15"
"Normal","University of Pikeville",100,966,"2014_15"
"Normal","Spalding University",45.71,967,"2014_15"
"Normal","Thomas More University",93.28,982,"2014_15"
"Normal","Transylvania University",82.62,1230,"2014_15"
"Normal","Union College",75.23,970,"2014_15"
"Normal","Western Kentucky University",93.32,1047,"2014_15"
"Normal","Centenary College of Louisiana",65.67,1109,"2014_15"
"Normal","Dillard University",40.59,886,"2014_15"
"Normal","Grambling State University",43.95,868,"2014_15"
"Normal","Louisiana State University-Alexandria",54.55,987,"2014_15"
"Normal","Louisiana State University and Agricultural & Mechanical College",76.63,1161,"2014_15"
"Normal","Louisiana State University-Shreveport",76.67,1050,"2014_15"
"Normal","Louisiana College",61.06,990,"2014_15"
"Normal","Louisiana Tech University",65.03,1104,"2014_15"
"Normal","Loyola University New Orleans",90.25,1135,"2014_15"
"Normal","McNeese State University",75.27,1030,"2014_15"
"Normal","University of New Orleans",43.57,1082,"2014_15"
"Normal","Nicholls State University",88.37,1031,"2014_15"
"Normal","University of Louisiana at Monroe",77.22,1030,"2014_15"
"Normal","Northwestern State University of Louisiana",72.98,1027,"2014_15"
"Normal","Southeastern Louisiana University",83.73,1030,"2014_15"
"Normal","Southern University and A & M College",53.65,910,"2014_15"
"Normal","Southern University at New Orleans",20.7,806,"2014_15"
"Normal","University of Louisiana at Lafayette",55.8,1070,"2014_15"
"Normal","Tulane University of Louisiana",27.95,1342,"2014_15"
"Normal","Xavier University of Louisiana",65.99,1039,"2014_15"
"Normal","Colby College",28.05,1333,"2014_15"
"Normal","Husson University",71.95,951,"2014_15"
"Normal","University of Maine at Fort Kent",74.61,899,"2014_15"
"Normal","University of Maine",82.57,1078,"2014_15"
"Normal","Maine Maritime Academy",78.63,1024,"2014_15"
"Normal","University of New England",85.68,1073,"2014_15"
"Normal","Saint Joseph's College of Maine",78.53,965,"2014_15"
"Normal","University of Southern Maine",83.95,998,"2014_15"
"Normal","University of Baltimore",62.04,920,"2014_15"
"Normal","Bowie State University",55.06,867,"2014_15"
"Normal","Capitol Technology University",70.5,1075,"2014_15"
"Normal","Washington Adventist University",44.92,854,"2014_15"
"Normal","Coppin State University",43.12,880,"2014_15"
"Normal","Frostburg State University",58.51,967,"2014_15"
"Normal","Johns Hopkins University",16.08,1439,"2014_15"
"Normal","University of Maryland-Baltimore County",59.61,1213,"2014_15"
"Normal","University of Maryland-College Park",47.93,1315,"2014_15"
"Normal","Maryland Institute College of Art",54.16,1165,"2014_15"
"Normal","University of Maryland Eastern Shore",61.27,842,"2014_15"
"Normal","Morgan State University",65.25,874,"2014_15"
"Normal","Mount St. Mary's University",66.87,1048,"2014_15"
"Normal","Notre Dame of Maryland University",49.46,1048,"2014_15"
"Normal","St. Mary's College of Maryland",78.87,1188,"2014_15"
"Normal","St. John's College",86.96,1323,"2014_15"
"Normal","Towson University",59.21,1082,"2014_15"
"Normal","United States Naval Academy",7.94,1285,"2014_15"
"Normal","Stevenson University",62.31,990,"2014_15"
"Normal","McDaniel College",76.13,1094,"2014_15"
"Normal","American International College",67.57,887,"2014_15"
"Normal","Amherst College",13.84,1439,"2014_15"
"Normal","Babson College",26.31,1272,"2014_15"
"Normal","Boston Baptist College",73.91,875,"2014_15"
"Normal","Bay Path University",63.05,951,"2014_15"
"Normal","Becker College",62.47,1015,"2014_15"
"Normal","Bentley University",46.11,1247,"2014_15"
"Normal","Boston College",33.91,1380,"2014_15"
"Normal","Boston University",34.51,1300,"2014_15"
"Normal","Brandeis University",35.22,1369,"2014_15"
"Normal","Bridgewater State University",79.31,991,"2014_15"
"Normal","Curry College",86.88,948,"2014_15"
"Normal","Eastern Nazarene College",52.87,918,"2014_15"
"Normal","Emerson College",49.18,1244,"2014_15"
"Normal","Emmanuel College",69.3,1093,"2014_15"
"Normal","Fitchburg State University",72.31,1004,"2014_15"
"Normal","Framingham State University",62.26,1011,"2014_15"
"Normal","Gordon College",88.37,1161,"2014_15"
"Normal","Harvard University",5.96,1501,"2014_15"
"Normal","Lasell University",76.32,974,"2014_15"
"Normal","Lesley University",71.49,1086,"2014_15"
"Normal","University of Massachusetts-Lowell",62.01,1145,"2014_15"
"Normal","University of Massachusetts-Amherst",61.39,1217,"2014_15"
"Normal","University of Massachusetts-Boston",70.77,1050,"2014_15"
"Normal","MCPHS University",84.01,1074,"2014_15"
"Normal","Massachusetts College of Art and Design",72.94,1077,"2014_15"
"Normal","Massachusetts Institute of Technology",7.88,1500,"2014_15"
"Normal","Massachusetts Maritime Academy",61.6,1105,"2014_15"
"Normal","Mount Ida College",68.49,886,"2014_15"
"Normal","Massachusetts College of Liberal Arts",72.27,977,"2014_15"
"Normal","Northeastern University",32.22,1420,"2014_15"
"Normal","College of Our Lady of the Elms",78.97,946,"2014_15"
"Normal","Pine Manor College",67.84,780,"2014_15"
"Normal","Salem State University",70.57,984,"2014_15"
"Normal","Simmons University",52.16,1170,"2014_15"
"Normal","Springfield College",70.87,1025,"2014_15"
"Normal","University of Massachusetts-Dartmouth",76.82,1025,"2014_15"
"Normal","Suffolk University",83.91,1049,"2014_15"
"Normal","Tufts University",17.24,1423,"2014_15"
"Normal","Wellesley College",30.11,1390,"2014_15"
"Normal","Wentworth Institute of Technology",82.64,1116,"2014_15"
"Normal","Western New England University",80.15,1077,"2014_15"
"Normal","Westfield State University",74.56,997,"2014_15"
"Normal","Wheelock College",87.52,963,"2014_15"
"Normal","Williams College",19.32,1452,"2014_15"
"Normal","Worcester State University",61.3,997,"2014_15"
"Normal","Adrian College",61.89,1009,"2014_15"
"Normal","Albion College",60.79,1125,"2014_15"
"Normal","Alma College",71.98,1101,"2014_15"
"Normal","Andrews University",36.88,1081,"2014_15"
"Normal","Aquinas College",72.01,1090,"2014_15"
"Normal","Calvin University",73.14,1182,"2014_15"
"Normal","Central Michigan University",69.27,1050,"2014_15"
"Normal","Cleary University",79.29,990,"2014_15"
"Normal","Concordia University-Ann Arbor",75.88,1030,"2014_15"
"Normal","College for Creative Studies",45.61,1010,"2014_15"
"Normal","University of Detroit Mercy",69.06,1110,"2014_15"
"Normal","Eastern Michigan University",68.87,1028,"2014_15"
"Normal","Ferris State University",78.42,1010,"2014_15"
"Normal","Kettering University",71.64,1223,"2014_15"
"Normal","Cornerstone University",68.84,1051,"2014_15"
"Normal","Grand Valley State University",80.43,1089,"2014_15"
"Normal","Hope College",77.41,1185,"2014_15"
"Normal","Kalamazoo College",69.65,1239,"2014_15"
"Normal","Lake Superior State University",91.09,1028,"2014_15"
"Normal","Lawrence Technological University",57.42,1127,"2014_15"
"Normal","Madonna University",58.59,1049,"2014_15"
"Normal","Marygrove College",48.42,800,"2014_15"
"Normal","Rochester University",40.59,972,"2014_15"
"Normal","University of Michigan-Ann Arbor",32.24,1380,"2014_15"
"Normal","Michigan State University",66.09,1158,"2014_15"
"Normal","Michigan Technological University",75.5,1244,"2014_15"
"Normal","University of Michigan-Dearborn",62.67,1105,"2014_15"
"Normal","University of Michigan-Flint",78.64,993,"2014_15"
"Normal","Northern Michigan University",72.09,1010,"2014_15"
"Normal","Northwood University",69.47,1004,"2014_15"
"Normal","Oakland University",67,1070,"2014_15"
"Normal","Olivet College",61.43,917,"2014_15"
"Normal","Kuyper College",70.65,1030,"2014_15"
"Normal","Saginaw Valley State University",79.96,1030,"2014_15"
"Normal","Siena Heights University",74.24,1025,"2014_15"
"Normal","Spring Arbor University",66.64,1035,"2014_15"
"Normal","Finlandia University",45.45,910,"2014_15"
"Normal","Wayne State University",77.33,1070,"2014_15"
"Normal","Western Michigan University",84.06,1030,"2014_15"
"Normal","Augsburg University",68.02,1074,"2014_15"
"Normal","Bemidji State University",93.53,1010,"2014_15"
"Normal","Bethany Lutheran College",77.68,1070,"2014_15"
"Normal","Bethel University",95.43,1146,"2014_15"
"Normal","Carleton College",22.77,1408,"2014_15"
"Normal","Concordia College at Moorhead",64.28,1166,"2014_15"
"Normal","Martin Luther College",97.32,1125,"2014_15"
"Normal","Hamline University",69.59,1101,"2014_15"
"Normal","Macalester College",36.35,1354,"2014_15"
"Normal","Minnesota State University-Mankato",66.58,1010,"2014_15"
"Normal","University of Minnesota-Twin Cities",45.35,1271,"2014_15"
"Normal","University of Minnesota-Crookston",71.96,1006,"2014_15"
"Normal","Minneapolis College of Art and Design",64.41,1088,"2014_15"
"Normal","University of Minnesota-Duluth",76.78,1110,"2014_15"
"Normal","University of Minnesota-Morris",63.59,1148,"2014_15"
"Normal","Minnesota State University Moorhead",84.19,1049,"2014_15"
"Normal","North Central University",91.2,1062,"2014_15"
"Normal","University of Northwestern-St Paul",69.54,1110,"2014_15"
"Normal","Oak Hills Christian College",66.67,964,"2014_15"
"Normal","College of Saint Benedict",82.18,1179,"2014_15"
"Normal","Saint Cloud State University",82.19,1010,"2014_15"
"Normal","Saint Johns University",78.76,1155,"2014_15"
"Normal","Saint Mary's University of Minnesota",74.24,1067,"2014_15"
"Normal","St Olaf College",51.28,1292,"2014_15"
"Normal","Crown College",28.4,1016,"2014_15"
"Normal","The College of Saint Scholastica",66.18,1106,"2014_15"
"Normal","University of St Thomas",86.62,1204,"2014_15"
"Normal","St Catherine University",67.21,1032,"2014_15"
"Normal","Southwest Minnesota State University",66.94,990,"2014_15"
"Normal","Winona State University",63.04,1050,"2014_15"
"Normal","Alcorn State University",78.44,872,"2014_15"
"Normal","Blue Mountain College",55.03,1030,"2014_15"
"Normal","Delta State University",86.96,969,"2014_15"
"Normal","Jackson State University",70.47,911,"2014_15"
"Normal","Millsaps College",57.18,1178,"2014_15"
"Normal","University of Mississippi",81.22,1098,"2014_15"
"Normal","Mississippi University for Women",93.61,988,"2014_15"
"Normal","Mississippi Valley State University",76.87,825,"2014_15"
"Normal","Mississippi College",63.04,1120,"2014_15"
"Normal","Mississippi State University",71.02,1126,"2014_15"
"Normal","Rust College",38.85,760,"2014_15"
"Normal","University of Southern Mississippi",66.74,1029,"2014_15"
"Normal","Tougaloo College",40.3,864,"2014_15"
"Normal","William Carey University",50.42,1080,"2014_15"
"Normal","Avila University",51.98,1038,"2014_15"
"Normal","Calvary University",100,1014,"2014_15"
"Normal","Central Methodist University-College of Liberal Arts and Sciences",60.53,1050,"2014_15"
"Normal","University of Central Missouri",77.95,1010,"2014_15"
"Normal","Cleveland University-Kansas City",100,1050,"2014_15"
"Normal","Conception Seminary College",100,1105,"2014_15"
"Normal","Culver-Stockton College",57.72,986,"2014_15"
"Normal","Drury University",74.41,1185,"2014_15"
"Normal","Evangel University",64.53,1055,"2014_15"
"Normal","Fontbonne University",92.91,1050,"2014_15"
"Normal","Kansas City Art Institute",59.97,1086,"2014_15"
"Normal","Lindenwood University",52.88,1038,"2014_15"
"Normal","Maryville University of Saint Louis",72.05,1137,"2014_15"
"Normal","Midwestern Baptist Theological Seminary",76.36,970,"2014_15"
"Normal","Missouri Baptist University",60.23,984,"2014_15"
"Normal","Missouri Southern State University",96,990,"2014_15"
"Normal","University of Missouri-Columbia",77.67,1166,"2014_15"
"Normal","University of Missouri-Kansas City",64.26,1129,"2014_15"
"Normal","Missouri University of Science and Technology",85.85,1283,"2014_15"
"Normal","University of Missouri-St Louis",75.78,1105,"2014_15"
"Normal","Truman State University",74.48,1226,"2014_15"
"Normal","Northwest Missouri State University",76.58,1051,"2014_15"
"Normal","College of the Ozarks",8.31,1074,"2014_15"
"Normal","Rockhurst University",76.94,1164,"2014_15"
"Normal","Saint Louis University",61.08,1239,"2014_15"
"Normal","Saint Louis Christian College",93.33,990,"2014_15"
"Normal","Southwest Baptist University",61.85,1070,"2014_15"
"Normal","Stephens College",53.6,1064,"2014_15"
"Normal","Southeast Missouri State University",84.78,1050,"2014_15"
"Normal","Missouri State University-Springfield",85.03,1090,"2014_15"
"Normal","Washington University in St Louis",17.13,1478,"2014_15"
"Normal","Webster University",72.06,1105,"2014_15"
"Normal","Westminster College",66.34,1114,"2014_15"
"Normal","William Jewell College",62.83,1141,"2014_15"
"Normal","William Woods University",76.3,1042,"2014_15"
"Normal","Carroll College",57.53,1133,"2014_15"
"Normal","Montana Technological University",90.75,1125,"2014_15"
"Normal","Montana State University",83.85,1128,"2014_15"
"Normal","The University of Montana",92.72,1075,"2014_15"
"Normal","Montana State University-Northern",100,917,"2014_15"
"Normal","Rocky Mountain College",63.61,1031,"2014_15"
"Normal","Clarkson College",61.34,990,"2014_15"
"Normal","Bryan College of Health Sciences",57.3,1050,"2014_15"
"Normal","Concordia University-Nebraska",76.61,1067,"2014_15"
"Normal","Creighton University",72.67,1200,"2014_15"
"Normal","Doane University",79.35,1060,"2014_15"
"Normal","Grace University",44.62,1064,"2014_15"
"Normal","Hastings College",69.65,1079,"2014_15"
"Normal","University of Nebraska at Kearney",84.11,1049,"2014_15"
"Normal","Nebraska Methodist College of Nursing & Allied Health",82.61,1090,"2014_15"
"Normal","Midland University",60.18,1010,"2014_15"
"Normal","University of Nebraska at Omaha",78.5,1050,"2014_15"
"Normal","Nebraska Wesleyan University",78.14,1124,"2014_15"
"Normal","University of Nebraska-Lincoln",69.89,1146,"2014_15"
"Normal","Summit Christian College",37.93,990,"2014_15"
"Normal","Union College",52.14,1030,"2014_15"
"Normal","York College",40.76,970,"2014_15"
"Normal","University of Nevada-Las Vegas",86.89,1000,"2014_15"
"Normal","University of Nevada-Reno",83.88,1081,"2014_15"
"Normal","Sierra Nevada University",60.97,1010,"2014_15"
"Normal","Dartmouth College",11.5,1444,"2014_15"
"Normal","Franklin Pierce University",84.3,949,"2014_15"
"Normal","University of New Hampshire-Main Campus",80.02,1104,"2014_15"
"Normal","Keene State College",78.59,965,"2014_15"
"Normal","University of New Hampshire at Manchester",70.08,1010,"2014_15"
"Normal","Rivier University",62.56,962,"2014_15"
"Normal","Bloomfield College",63.4,810,"2014_15"
"Normal","Caldwell University",63.93,950,"2014_15"
"Normal","Centenary University",81.91,926,"2014_15"
"Normal","Drew University",70.17,1118,"2014_15"
"Normal","Fairleigh Dickinson University-Metropolitan Campus",80.11,944,"2014_15"
"Normal","Felician University",84.16,870,"2014_15"
"Normal","Fairleigh Dickinson University-Florham Campus",80.75,1031,"2014_15"
"Normal","Georgian Court University",68.06,945,"2014_15"
"Normal","Rowan University",78.62,1074,"2014_15"
"Normal","New Jersey City University",76.59,890,"2014_15"
"Normal","Kean University",70.36,907,"2014_15"
"Normal","Monmouth University",74.19,1055,"2014_15"
"Normal","Montclair State University",66.83,975,"2014_15"
"Normal","New Jersey Institute of Technology",63.39,1168,"2014_15"
"Normal","Princeton University",7.44,1491,"2014_15"
"Normal","Ramapo College of New Jersey",53.32,1082,"2014_15"
"Normal","Rider University",70.91,1026,"2014_15"
"Normal","Rutgers University-Camden",60.38,1025,"2014_15"
"Normal","Rutgers University-New Brunswick",60.5,1215,"2014_15"
"Normal","Rutgers University-Newark",62.75,1035,"2014_15"
"Normal","Saint Peter's University",56.9,899,"2014_15"
"Normal","Seton Hall University",75.54,1133,"2014_15"
"Normal","Saint Elizabeth University",57.59,843,"2014_15"
"Normal","Stevens Institute of Technology",43.78,1346,"2014_15"
"Normal","Stockton University",64.75,1078,"2014_15"
"Normal","The College of New Jersey",48.97,1213,"2014_15"
"Normal","William Paterson University of New Jersey",74.58,980,"2014_15"
"Normal","Eastern New Mexico University-Main Campus",63.06,935,"2014_15"
"Normal","New Mexico Institute of Mining and Technology",36.39,1193,"2014_15"
"Normal","University of New Mexico-Main Campus",45.38,1060,"2014_15"
"Normal","New Mexico State University-Main Campus",69.6,984,"2014_15"
"Normal","Adelphi University",72.42,1092,"2014_15"
"Normal","Albany College of Pharmacy and Health Sciences",67.4,1165,"2014_15"
"Normal","Alfred University",69.44,1064,"2014_15"
"Normal","Barnard College",23.77,1343,"2014_15"
"Normal","Canisius College",80.23,1085,"2014_15"
"Normal","Clarkson University",62.14,1195,"2014_15"
"Normal","Colgate University",26.24,1369,"2014_15"
"Normal","Columbia University in the City of New York",6.95,1470,"2014_15"
"Normal","Concordia College",74.77,872,"2014_15"
"Normal","Cooper Union for the Advancement of Science and Art",15.06,1388,"2014_15"
"Normal","Cornell University",14.19,1422,"2014_15"
"Normal","CUNY Bernard M Baruch College",27.9,1235,"2014_15"
"Normal","CUNY Brooklyn College",35.33,1085,"2014_15"
"Normal","College of Staten Island CUNY",94.27,1005,"2014_15"
"Normal","CUNY City College",38.06,1130,"2014_15"
"Normal","CUNY Hunter College",34.67,1160,"2014_15"
"Normal","CUNY John Jay College of Criminal Justice",37.31,970,"2014_15"
"Normal","CUNY Lehman College",28.91,995,"2014_15"
"Normal","CUNY Queens College",39.82,1090,"2014_15"
"Normal","CUNY York College",37.13,900,"2014_15"
"Normal","D'Youville College",68.79,1035,"2014_15"
"Normal","Dominican College of Blauvelt",62.81,872,"2014_15"
"Normal","Elmira College",82.21,1073,"2014_15"
"Normal","Fordham University",48.12,1254,"2014_15"
"Normal","Hamilton College",26.35,1393,"2014_15"
"Normal","Hofstra University",61.61,1147,"2014_15"
"Normal","Houghton College",93.81,1121,"2014_15"
"Normal","Iona College",86.7,1022,"2014_15"
"Normal","Jewish Theological Seminary of America",61.86,1330,"2014_15"
"Normal","LIM College",74.21,914,"2014_15"
"Normal","Le Moyne College",65.95,1071,"2014_15"
"Normal","Long Island University",83.02,950,"2014_15"
"Normal","Manhattan College",66.54,1097,"2014_15"
"Normal","Marymount Manhattan College",73.5,1065,"2014_15"
"Normal","Medaille College",61.9,840,"2014_15"
"Normal","Molloy College",75.4,1072,"2014_15"
"Normal","Mount Saint Mary College",88.62,1011,"2014_15"
"Normal","College of Mount Saint Vincent",95.21,931,"2014_15"
"Normal","The College of New Rochelle",38.53,958,"2014_15"
"Normal","The New School",65.9,1117,"2014_15"
"Normal","New York University",35.45,1344,"2014_15"
"Normal","Niagara University",65.86,1040,"2014_15"
"Normal","New York Institute of Technology",64.03,1069,"2014_15"
"Normal","Nyack College",99.36,909,"2014_15"
"Normal","Pace University",84.99,1054,"2014_15"
"Normal","Davis College",47.79,954,"2014_15"
"Normal","Pratt Institute-Main",52.99,1141,"2014_15"
"Normal","Rensselaer Polytechnic Institute",37.5,1372,"2014_15"
"Normal","Roberts Wesleyan College",68.75,1059,"2014_15"
"Normal","Rochester Institute of Technology",57.47,1240,"2014_15"
"Normal","St Bonaventure University",70.43,1066,"2014_15"
"Normal","St Francis College",77.04,935,"2014_15"
"Normal","St. Thomas Aquinas College",80.82,958,"2014_15"
"Normal","Siena College",65.86,1127,"2014_15"
"Normal","Skidmore College",37.34,1241,"2014_15"
"Normal","St. Joseph's College-New York",70.73,1031,"2014_15"
"Normal","Saint John Fisher College",67.91,1091,"2014_15"
"Normal","St. John's University-New York",62.52,1107,"2014_15"
"Normal","SUNY College of Agriculture and Technology at Cobleskill",73.34,877,"2014_15"
"Normal","Farmingdale State College",46.65,982,"2014_15"
"Normal","SUNY at Albany",55.84,1098,"2014_15"
"Normal","Binghamton University",44.06,1287,"2014_15"
"Normal","University at Buffalo",57.81,1165,"2014_15"
"Normal","Stony Brook University",41.34,1254,"2014_15"
"Normal","SUNY College of Environmental Science and Forestry",51.13,1193,"2014_15"
"Normal","SUNY Polytechnic Institute",56.1,1099,"2014_15"
"Normal","SUNY Brockport",48.95,1056,"2014_15"
"Normal","SUNY Buffalo State",61.55,939,"2014_15"
"Normal","SUNY at Fredonia",53.22,1056,"2014_15"
"Normal","SUNY College at Geneseo",59.13,1221,"2014_15"
"Normal","State University of New York at New Paltz",41.93,1122,"2014_15"
"Normal","SUNY Oneonta",49.88,1086,"2014_15"
"Normal","SUNY College at Oswego",48.37,1106,"2014_15"
"Normal","SUNY at Purchase College",40.82,1095,"2014_15"
"Normal","SUNY College at Old Westbury",62.35,995,"2014_15"
"Normal","SUNY College at Plattsburgh",47.86,1031,"2014_15"
"Normal","SUNY Maritime College",52.65,1106,"2014_15"
"Normal","Syracuse University",53.23,1184,"2014_15"
"Normal","United States Military Academy",9.47,1280,"2014_15"
"Normal","Vassar College",23.54,1403,"2014_15"
"Normal","School of Visual Arts",76.77,1029,"2014_15"
"Normal","Webb Institute",32.99,1420,"2014_15"
"Normal","Wells College",56.59,1053,"2014_15"
"Normal","Yeshiva University",81.8,1221,"2014_15"
"Normal","Appalachian State University",62.66,1148,"2014_15"
"Normal","Barton College",38.46,962,"2014_15"
"Normal","Belmont Abbey College",69.23,1000,"2014_15"
"Normal","Campbell University",68.06,1025,"2014_15"
"Normal","Chowan University",59.81,773,"2014_15"
"Normal","Davidson College",21.67,1337,"2014_15"
"Normal","Duke University",11.41,1454,"2014_15"
"Normal","East Carolina University",77.28,1036,"2014_15"
"Normal","Elizabeth City State University",49,866,"2014_15"
"Normal","Elon University",53.93,1225,"2014_15"
"Normal","Fayetteville State University",50.32,892,"2014_15"
"Normal","Gardner-Webb University",67.12,1020,"2014_15"
"Normal","Greensboro College",73.11,876,"2014_15"
"Normal","High Point University",80.19,1096,"2014_15"
"Normal","Johnson C Smith University",42.25,808,"2014_15"
"Normal","Livingstone College",64.25,720,"2014_15"
"Normal","Mars Hill University",62.09,924,"2014_15"
"Normal","Methodist University",55.94,962,"2014_15"
"Normal","Montreat College",46.06,1016,"2014_15"
"Normal","University of Mount Olive",46.85,902,"2014_15"
"Normal","North Carolina A & T State University",57,910,"2014_15"
"Normal","University of North Carolina at Asheville",73.14,1191,"2014_15"
"Normal","University of North Carolina at Chapel Hill",28.5,1328,"2014_15"
"Normal","University of North Carolina at Charlotte",64.09,1079,"2014_15"
"Normal","University of North Carolina at Greensboro",60.73,1043,"2014_15"
"Normal","North Carolina Central University",43.22,886,"2014_15"
"Normal","University of North Carolina School of the Arts",43.2,1116,"2014_15"
"Normal","North Carolina State University at Raleigh",51.6,1253,"2014_15"
"Normal","North Carolina Wesleyan College",53.26,923,"2014_15"
"Normal","University of North Carolina Wilmington",58.55,1145,"2014_15"
"Normal","William Peace University",62.91,890,"2014_15"
"Normal","University of North Carolina at Pembroke",73.26,930,"2014_15"
"Normal","Pfeiffer University",47.23,948,"2014_15"
"Normal","Piedmont International University",46.07,937,"2014_15"
"Normal","Queens University of Charlotte",78.45,1051,"2014_15"
"Normal","Mid-Atlantic Christian University",37.89,983,"2014_15"
"Normal","Saint Augustine's University",74.03,740,"2014_15"
"Normal","Salem College",59.85,1102,"2014_15"
"Normal","St. Andrews University",57.13,940,"2014_15"
"Normal","Warren Wilson College",71.77,1134,"2014_15"
"Normal","Wingate University",75.06,1001,"2014_15"
"Normal","Winston-Salem State University",60.16,859,"2014_15"
"Normal","Western Carolina University",43.11,1035,"2014_15"
"Normal","Dickinson State University",61.03,957,"2014_15"
"Normal","University of Jamestown",64.36,1178,"2014_15"
"Normal","University of Mary",78.65,1050,"2014_15"
"Normal","Minot State University",57.68,1035,"2014_15"
"Normal","University of North Dakota",86,1090,"2014_15"
"Normal","North Dakota State University-Main Campus",82.74,1092,"2014_15"
"Normal","Trinity Bible College and Graduate School",36.45,946,"2014_15"
"Normal","Valley City State University",90.27,1020,"2014_15"
"Normal","University of Akron Main Campus",95.71,1050,"2014_15"
"Normal","Art Academy of Cincinnati",24.34,961,"2014_15"
"Normal","Ashland University",72.57,1048,"2014_15"
"Normal","Bluffton University",56.03,1029,"2014_15"
"Normal","Bowling Green State University-Main Campus",53.37,1012,"2014_15"
"Normal","Capital University",72.74,1100,"2014_15"
"Normal","Case Western Reserve University",38.31,1375,"2014_15"
"Normal","Cedarville University",74.49,1187,"2014_15"
"Normal","Central State University",37.72,804,"2014_15"
"Normal","Cincinnati Christian University",58.51,969,"2014_15"
"Normal","University of Cincinnati-Main Campus",75.78,1165,"2014_15"
"Normal","Ohio Christian University",65.4,930,"2014_15"
"Normal","Cleveland Institute of Art",66.99,1048,"2014_15"
"Normal","Cleveland State University",84.21,1014,"2014_15"
"Normal","Columbus College of Art and Design",88.64,1044,"2014_15"
"Normal","University of Dayton",59.01,1194,"2014_15"
"Normal","Defiance College",64.69,975,"2014_15"
"Normal","The University of Findlay",71.97,1035,"2014_15"
"Normal","Heidelberg University",75.06,1027,"2014_15"
"Normal","Hiram College",62.08,1004,"2014_15"
"Normal","John Carroll University",82.91,1116,"2014_15"
"Normal","Kent State University at Kent",84.38,1050,"2014_15"
"Normal","Kenyon College",25.06,1332,"2014_15"
"Normal","Lake Erie College",69.36,966,"2014_15"
"Normal","Lourdes University",64.55,950,"2014_15"
"Normal","Malone University",71.74,1045,"2014_15"
"Normal","Marietta College",69.46,1105,"2014_15"
"Normal","Miami University-Oxford",65.84,1240,"2014_15"
"Normal","Mount Carmel College of Nursing",73.89,1030,"2014_15"
"Normal","University of Mount Union",73.55,1057,"2014_15"
"Normal","Mount Vernon Nazarene University",75.98,1046,"2014_15"
"Normal","Mount Saint Joseph University",87.62,1005,"2014_15"
"Normal","Muskingum University",76.44,1009,"2014_15"
"Normal","Notre Dame College",89.5,937,"2014_15"
"Normal","Oberlin College",32.72,1349,"2014_15"
"Normal","Ohio Dominican University",46.57,1005,"2014_15"
"Normal","Ohio Northern University",68.59,1180,"2014_15"
"Normal","Ohio State University-Main Campus",52.96,1292,"2014_15"
"Normal","Ohio University-Main Campus",74.27,1106,"2014_15"
"Normal","Otterbein University",75.31,1094,"2014_15"
"Normal","Pontifical College Josephinum",94.12,1280,"2014_15"
"Normal","Franciscan University of Steubenville",77.92,1183,"2014_15"
"Normal","University of Toledo",94.73,1031,"2014_15"
"Normal","Ursuline College",65.51,1014,"2014_15"
"Normal","Walsh University",80.68,1043,"2014_15"
"Normal","Wilberforce University",37.54,735,"2014_15"
"Normal","Wilmington College",95.37,970,"2014_15"
"Normal","The College of Wooster",59.09,1229,"2014_15"
"Normal","Xavier University",73.15,1113,"2014_15"
"Normal","Youngstown State University",83.3,985,"2014_15"
"Normal","Oklahoma Wesleyan University",62.7,999,"2014_15"
"Normal","University of Central Oklahoma",90.32,990,"2014_15"
"Normal","East Central University",97.19,1005,"2014_15"
"Normal","Randall University",53.13,940,"2014_15"
"Normal","Northeastern State University",75.01,1009,"2014_15"
"Normal","Northwestern Oklahoma State University",66.23,930,"2014_15"
"Normal","Oklahoma Christian University",64.01,1127,"2014_15"
"Normal","Oklahoma Panhandle State University",59.5,910,"2014_15"
"Normal","Oklahoma State University-Main Campus",74.95,1137,"2014_15"
"Normal","Oklahoma Baptist University",60.48,1171,"2014_15"
"Normal","Oklahoma City University",67.77,1165,"2014_15"
"Normal","University of Oklahoma-Norman Campus",81.33,1189,"2014_15"
"Normal","Oral Roberts University",79.76,1010,"2014_15"
"Normal","Rogers State University",77.01,850,"2014_15"
"Normal","University of Science and Arts of Oklahoma",67.55,1039,"2014_15"
"Normal","Southeastern Oklahoma State University",78.67,970,"2014_15"
"Normal","Southwestern Christian University",80.88,981,"2014_15"
"Normal","Southwestern Oklahoma State University",85.26,1010,"2014_15"
"Normal","University of Tulsa",40.26,1296,"2014_15"
"Normal","Concordia University-Portland",52.62,1037,"2014_15"
"Normal","Eastern Oregon University",64.18,948,"2014_15"
"Normal","George Fox University",77.76,1081,"2014_15"
"Normal","Linfield University-McMinnville Campus",93.77,1083,"2014_15"
"Normal","Multnomah University",56.67,1047,"2014_15"
"Normal","Bushnell University",71.91,987,"2014_15"
"Normal","Oregon Institute of Technology",59.84,1044,"2014_15"
"Normal","Oregon State University",77.76,1112,"2014_15"
"Normal","University of Oregon",74.9,1116,"2014_15"
"Normal","Pacific University",80.45,1090,"2014_15"
"Normal","Portland State University",69.33,1030,"2014_15"
"Normal","University of Portland",62.93,1195,"2014_15"
"Normal","Reed College",38.73,1383,"2014_15"
"Normal","Southern Oregon University",77.37,1029,"2014_15"
"Normal","Corban University",37.38,1016,"2014_15"
"Normal","Willamette University",81.31,1209,"2014_15"
"Normal","Western Oregon University",88.74,1001,"2014_15"
"Normal","Bryn Athyn College of the New Church",58.02,900,"2014_15"
"Normal","Allegheny College",71.77,1170,"2014_15"
"Normal","DeSales University",79.65,1033,"2014_15"
"Normal","Alvernia University",74.79,970,"2014_15"
"Normal","Clarks Summit University",86.49,1004,"2014_15"
"Normal","Arcadia University",58.8,1105,"2014_15"
"Normal","Bloomsburg University of Pennsylvania",87.81,970,"2014_15"
"Normal","Bryn Mawr College",40.47,1313,"2014_15"
"Normal","Bucknell University",30.72,1317,"2014_15"
"Normal","Cabrini University",75.28,897,"2014_15"
"Normal","California University of Pennsylvania",89.67,934,"2014_15"
"Normal","Carlow University",90.7,941,"2014_15"
"Normal","Carnegie Mellon University",24.6,1436,"2014_15"
"Normal","Cedar Crest College",52.33,1005,"2014_15"
"Normal","Chestnut Hill College",74.71,968,"2014_15"
"Normal","Clarion University of Pennsylvania",92.71,928,"2014_15"
"Normal","Delaware Valley University",75.74,990,"2014_15"
"Normal","Drexel University",76.01,1186,"2014_15"
"Normal","Duquesne University",73.06,1144,"2014_15"
"Normal","East Stroudsburg University of Pennsylvania",81.46,954,"2014_15"
"Normal","Eastern University",62.18,1038,"2014_15"
"Normal","Edinboro University of Pennsylvania",99.3,928,"2014_15"
"Normal","Elizabethtown College",70.82,1133,"2014_15"
"Normal","Gannon University",77.67,1037,"2014_15"
"Normal","Geneva College",71.06,1072,"2014_15"
"Normal","Grove City College",87.53,1203,"2014_15"
"Normal","Gwynedd Mercy University",76.38,961,"2014_15"
"Normal","Haverford College",24.69,1422,"2014_15"
"Normal","Holy Family University",73.26,925,"2014_15"
"Normal","Immaculata University",75.94,962,"2014_15"
"Normal","Indiana University of Pennsylvania-Main Campus",94.73,958,"2014_15"
"Normal","Keystone College",92.05,921,"2014_15"
"Normal","Kutztown University of Pennsylvania",79.67,960,"2014_15"
"Normal","La Roche University",93.94,926,"2014_15"
"Normal","La Salle University",78.23,994,"2014_15"
"Normal","Lafayette College",29.75,1300,"2014_15"
"Normal","Lancaster Bible College",59.46,996,"2014_15"
"Normal","Lehigh University",34.27,1326,"2014_15"
"Normal","Lincoln University",27.16,862,"2014_15"
"Normal","Lock Haven University",93.39,947,"2014_15"
"Normal","Lycoming College",72.22,1043,"2014_15"
"Normal","Mansfield University of Pennsylvania",90.7,950,"2014_15"
"Normal","Marywood University",74.18,1030,"2014_15"
"Normal","Messiah University",79.98,1125,"2014_15"
"Normal","Millersville University of Pennsylvania",68.71,1012,"2014_15"
"Normal","Misericordia University",71.46,1074,"2014_15"
"Normal","Moravian College",86.2,1022,"2014_15"
"Normal","Neumann University",94.04,853,"2014_15"
"Normal","Pennsylvania State University-Penn State Erie-Behrend College",86.7,1054,"2014_15"
"Normal","Pennsylvania State University-Penn State New Kensington",81.23,974,"2014_15"
"Normal","Pennsylvania State University-Penn State Shenango",67.16,885,"2014_15"
"Normal","Pennsylvania State University-Penn State Wilkes-Barre",83.8,964,"2014_15"
"Normal","Pennsylvania State University-Penn State Scranton",76.11,959,"2014_15"
"Normal","Pennsylvania State University-Penn State Lehigh Valley",85.12,1003,"2014_15"
"Normal","Pennsylvania State University-Penn State Altoona",88.35,1001,"2014_15"
"Normal","Pennsylvania State University-Penn State Beaver",81.07,954,"2014_15"
"Normal","Pennsylvania State University-Penn State Berks",88.66,973,"2014_15"
"Normal","Pennsylvania State University-Penn State Harrisburg",82.08,1024,"2014_15"
"Normal","Pennsylvania State University-Penn State Brandywine",84.77,968,"2014_15"
"Normal","Pennsylvania State University-Main Campus",50.29,1196,"2014_15"
"Normal","Pennsylvania State University-Penn State Greater Allegheny",75.84,967,"2014_15"
"Normal","Pennsylvania State University-Penn State Abington",79.34,951,"2014_15"
"Normal","Pennsylvania State University-Penn State Schuylkill",74.78,899,"2014_15"
"Normal","Pennsylvania State University-Penn State York",83.35,1021,"2014_15"
"Normal","University of Pennsylvania",10.37,1452,"2014_15"
"Normal","Jefferson (Philadelphia University + Thomas Jefferson University)",63.94,1074,"2014_15"
"Normal","The University of the Arts",69.54,1006,"2014_15"
"Normal","Cairn University-Langhorne",97.8,993,"2014_15"
"Normal","University of the Sciences",57.88,1169,"2014_15"
"Normal","University of Pittsburgh-Bradford",65.42,985,"2014_15"
"Normal","University of Pittsburgh-Greensburg",74.52,1011,"2014_15"
"Normal","University of Pittsburgh-Johnstown",80.18,1014,"2014_15"
"Normal","University of Pittsburgh-Pittsburgh Campus",53.12,1275,"2014_15"
"Normal","Point Park University",70.74,995,"2014_15"
"Normal","Robert Morris University",76.2,1051,"2014_15"
"Normal","Rosemont College",57.88,993,"2014_15"
"Normal","Saint Francis University",68.72,1033,"2014_15"
"Normal","Saint Vincent College",71.92,1034,"2014_15"
"Normal","University of Scranton",77.26,1125,"2014_15"
"Normal","Shippensburg University of Pennsylvania",83.13,981,"2014_15"
"Normal","Slippery Rock University of Pennsylvania",65.97,999,"2014_15"
"Normal","Swarthmore College",17.02,1433,"2014_15"
"Normal","Temple University",61.73,1125,"2014_15"
"Normal","Thiel College",69.49,970,"2014_15"
"Normal","University of Valley Forge",93.04,941,"2014_15"
"Normal","Villanova University",49.33,1313,"2014_15"
"Normal","Waynesburg University",83.56,1008,"2014_15"
"Normal","West Chester University of Pennsylvania",53.48,1079,"2014_15"
"Normal","Westminster College",93.66,1055,"2014_15"
"Normal","Widener University",65.01,1023,"2014_15"
"Normal","Wilkes University",78.63,1045,"2014_15"
"Normal","Wilson College",31.28,976,"2014_15"
"Normal","York College of Pennsylvania",45.49,1050,"2014_15"
"Normal","Brown University",8.74,1435,"2014_15"
"Normal","Rhode Island College",65.45,918,"2014_15"
"Normal","University of Rhode Island",76.81,1077,"2014_15"
"Normal","Rhode Island School of Design",32.59,1254,"2014_15"
"Normal","Anderson University",71.52,1038,"2014_15"
"Normal","Charleston Southern University",58.66,997,"2014_15"
"Normal","Bob Jones University",81.01,1052,"2014_15"
"Normal","College of Charleston",78.02,1137,"2014_15"
"Normal","Citadel Military College of South Carolina",75.54,1073,"2014_15"
"Normal","Claflin University",43.77,806,"2014_15"
"Normal","Clemson University",51.52,1261,"2014_15"
"Normal","Coker University",50.9,992,"2014_15"
"Normal","Columbia International University",33.22,1035,"2014_15"
"Normal","Columbia College",79.05,1033,"2014_15"
"Normal","Converse College",53.48,1045,"2014_15"
"Normal","Erskine College",60.57,1016,"2014_15"
"Normal","Francis Marion University",59.11,933,"2014_15"
"Normal","Lander University",57.78,936,"2014_15"
"Normal","Limestone University",52,1020,"2014_15"
"Normal","Newberry College",56.75,945,"2014_15"
"Normal","North Greenville University",59.46,1152,"2014_15"
"Normal","Presbyterian College",53.72,1090,"2014_15"
"Normal","University of South Carolina Aiken",65.46,970,"2014_15"
"Normal","University of South Carolina Beaufort",57.24,933,"2014_15"
"Normal","University of South Carolina-Columbia",65.2,1217,"2014_15"
"Normal","Coastal Carolina University",63.6,996,"2014_15"
"Normal","South Carolina State University",84.54,810,"2014_15"
"Normal","University of South Carolina-Upstate",46.82,947,"2014_15"
"Normal","Winthrop University",71.18,1053,"2014_15"
"Normal","Wofford College",77.39,1194,"2014_15"
"Normal","Augustana University",61.29,1162,"2014_15"
"Normal","Black Hills State University",94.1,951,"2014_15"
"Normal","Dakota State University",84.2,1026,"2014_15"
"Normal","Dakota Wesleyan University",73.43,1044,"2014_15"
"Normal","Mount Marty University",72.36,990,"2014_15"
"Normal","Northern State University",82.89,1025,"2014_15"
"Normal","Presentation College",56.95,980,"2014_15"
"Normal","South Dakota School of Mines and Technology",88.02,1181,"2014_15"
"Normal","South Dakota State University",92.01,1068,"2014_15"
"Normal","University of Sioux Falls",97.24,1028,"2014_15"
"Normal","University of South Dakota",88.82,1044,"2014_15"
"Normal","Austin Peay State University",89.27,1010,"2014_15"
"Normal","Baptist Health Sciences University",53.73,1110,"2014_15"
"Normal","Belmont University",82.72,1176,"2014_15"
"Normal","Bethel University",57.42,930,"2014_15"
"Normal","Bryan College-Dayton",48.42,1065,"2014_15"
"Normal","Carson-Newman University",62.4,1083,"2014_15"
"Normal","Christian Brothers University",49.71,1105,"2014_15"
"Normal","Cumberland University",46.42,1044,"2014_15"
"Normal","Lipscomb University",55.58,1175,"2014_15"
"Normal","East Tennessee State University",91.74,1030,"2014_15"
"Normal","Fisk University",83.45,946,"2014_15"
"Normal","Freed-Hardeman University",93.39,1117,"2014_15"
"Normal","Johnson University",56.37,1034,"2014_15"
"Normal","King University",56.68,1042,"2014_15"
"Normal","Lane College",43.27,762,"2014_15"
"Normal","Le Moyne-Owen College",52.15,735,"2014_15"
"Normal","Lee University",89.05,1076,"2014_15"
"Normal","Lincoln Memorial University",74.37,1055,"2014_15"
"Normal","Maryville College",70.83,1049,"2014_15"
"Normal","Memphis College of Art",38.06,1025,"2014_15"
"Normal","University of Memphis",47.4,1029,"2014_15"
"Normal","Middle Tennessee State University",72.06,1032,"2014_15"
"Normal","Milligan College",62.41,1097,"2014_15"
"Normal","O'More College of Design",52.34,1050,"2014_15"
"Normal","Rhodes College",59.99,1296,"2014_15"
"Normal","Tennessee Wesleyan University",66.67,1002,"2014_15"
"Normal","The University of Tennessee-Chattanooga",77.28,1088,"2014_15"
"Normal","The University of Tennessee-Knoxville",74.83,1198,"2014_15"
"Normal","The University of Tennessee-Martin",73.34,1050,"2014_15"
"Normal","Tennessee Technological University",94.41,1105,"2014_15"
"Normal","Tennessee Temple University",58.17,962,"2014_15"
"Normal","Trevecca Nazarene University",73.08,1066,"2014_15"
"Normal","Tusculum University",71.94,990,"2014_15"
"Normal","Union University",68.58,1170,"2014_15"
"Normal","Vanderbilt University",13.09,1481,"2014_15"
"Normal","Abilene Christian University",50.47,1091,"2014_15"
"Normal","Angelo State University",82.44,976,"2014_15"
"Normal","Austin College",54.38,1159,"2014_15"
"Normal","Baylor University",55.36,1227,"2014_15"
"Normal","Concordia University Texas",85.29,1021,"2014_15"
"Normal","Texas A & M University-Corpus Christi",84.62,970,"2014_15"
"Normal","Dallas Baptist University",46.21,1075,"2014_15"
"Normal","Dallas Christian College",37.96,996,"2014_15"
"Normal","University of Dallas",85.13,1211,"2014_15"
"Normal","East Texas Baptist University",55.99,952,"2014_15"
"Normal","Texas A&M University-Texarkana",47.55,897,"2014_15"
"Normal","Texas A & M University-Commerce",47.84,909,"2014_15"
"Normal","Hardin-Simmons University",56.8,1037,"2014_15"
"Normal","Houston Baptist University",35.73,1054,"2014_15"
"Normal","University of Houston-Clear Lake",57.36,1044,"2014_15"
"Normal","University of Houston-Downtown",84.17,894,"2014_15"
"Normal","University of Houston",62.99,1139,"2014_15"
"Normal","Howard Payne University",82.12,976,"2014_15"
"Normal","Huston-Tillotson University",59.7,814,"2014_15"
"Normal","University of the Incarnate Word",93.21,963,"2014_15"
"Normal","Lamar University",78.81,963,"2014_15"
"Normal","Texas A & M International University",46.7,906,"2014_15"
"Normal","LeTourneau University",49.4,1177,"2014_15"
"Normal","Lubbock Christian University",94.32,1010,"2014_15"
"Normal","University of Mary Hardin-Baylor",79.91,1064,"2014_15"
"Normal","McMurry University",61.4,901,"2014_15"
"Normal","Midwestern State University",61.64,995,"2014_15"
"Normal","University of North Texas",65.38,1096,"2014_15"
"Normal","Our Lady of the Lake University",49.52,941,"2014_15"
"Normal","The University of Texas Rio Grande Valley",62.8,953,"2014_15"
"Normal","Paul Quinn College",89.97,1070,"2014_15"
"Normal","Prairie View A & M University",39.13,850,"2014_15"
"Normal","Rice University",15.1,1460,"2014_15"
"Normal","Saint Edward's University",78.36,1116,"2014_15"
"Normal","University of St Thomas",78.99,1111,"2014_15"
"Normal","Sam Houston State University",73.67,1000,"2014_15"
"Normal","Schreiner University",93.53,997,"2014_15"
"Normal","St. Mary's University",59.46,1033,"2014_15"
"Normal","Southern Methodist University",52.4,1316,"2014_15"
"Normal","Southwestern University",48.52,1159,"2014_15"
"Normal","Stephen F Austin State University",58.51,998,"2014_15"
"Normal","Texas State University",72.9,1032,"2014_15"
"Normal","Southwestern Adventist University",49.65,905,"2014_15"
"Normal","Sul Ross State University",93.4,890,"2014_15"
"Normal","Tarleton State University",52.54,961,"2014_15"
"Normal","Texas A & M University-Kingsville",83.57,922,"2014_15"
"Normal","Texas A & M University-College Station",71.03,1206,"2014_15"
"Normal","The University of Texas at Arlington",61.4,1053,"2014_15"
"Normal","The University of Texas at Austin",39.66,1296,"2014_15"
"Normal","The University of Texas at Dallas",61.94,1259,"2014_15"
"Normal","The University of Texas at El Paso",99.89,941,"2014_15"
"Normal","The University of Texas at Tyler",83.58,1051,"2014_15"
"Normal","Texas Christian University",48.87,1207,"2014_15"
"Normal","Texas Lutheran University",55.87,1020,"2014_15"
"Normal","The University of Texas Permian Basin",87,963,"2014_15"
"Normal","The University of Texas at San Antonio",75.91,1037,"2014_15"
"Normal","Texas Southern University",51.92,812,"2014_15"
"Normal","Texas Tech University",66.13,1110,"2014_15"
"Normal","Texas Wesleyan University",38.06,984,"2014_15"
"Normal","Texas Woman's University",85.31,953,"2014_15"
"Normal","Trinity University",48.42,1281,"2014_15"
"Normal","Wayland Baptist University",97.74,946,"2014_15"
"Normal","West Texas A & M University",67.42,970,"2014_15"
"Normal","Brigham Young University",47,1290,"2014_15"
"Normal","Brigham Young University-Hawaii",34.86,1110,"2014_15"
"Normal","Southern Utah University",61.03,1063,"2014_15"
"Normal","Utah State University",97.83,1067,"2014_15"
"Normal","University of Utah",81.42,1131,"2014_15"
"Normal","Westminster College",95.76,1122,"2014_15"
"Normal","Castleton University",91.64,967,"2014_15"
"Normal","Champlain College",64.17,1150,"2014_15"
"Normal","Northern Vermont University",95.46,941,"2014_15"
"Normal","Lyndon State College",99.14,937,"2014_15"
"Normal","Middlebury College",17.17,1379,"2014_15"
"Normal","Norwich University",65.74,1053,"2014_15"
"Normal","Southern Vermont College",93.73,849,"2014_15"
"Normal","University of Vermont",73.44,1191,"2014_15"
"Normal","Averett University",59.64,923,"2014_15"
"Normal","Bluefield College",97.99,907,"2014_15"
"Normal","Bridgewater College",47.82,1056,"2014_15"
"Normal","William & Mary",33.02,1373,"2014_15"
"Normal","Regent University",79.82,1066,"2014_15"
"Normal","Christopher Newport University",55.88,1152,"2014_15"
"Normal","Emory & Henry College",71.72,995,"2014_15"
"Normal","Eastern Mennonite University",60.44,1003,"2014_15"
"Normal","Ferrum College",73.31,852,"2014_15"
"Normal","George Mason University",66.65,1152,"2014_15"
"Normal","Hampden-Sydney College",47.27,1098,"2014_15"
"Normal","Hampton University",29.06,999,"2014_15"
"Normal","Hollins University",56.47,1082,"2014_15"
"Normal","James Madison University",65.73,1153,"2014_15"
"Normal","Liberty University",22.32,1040,"2014_15"
"Normal","Longwood University",72.92,1005,"2014_15"
"Normal","University of Lynchburg",66.75,998,"2014_15"
"Normal","Mary Baldwin University",95.45,979,"2014_15"
"Normal","University of Mary Washington",76.72,1114,"2014_15"
"Normal","Marymount University",83.96,1001,"2014_15"
"Normal","Norfolk State University",65.67,866,"2014_15"
"Normal","Old Dominion University",81.89,1007,"2014_15"
"Normal","Radford University",78.91,968,"2014_15"
"Normal","Randolph-Macon College",60.34,1086,"2014_15"
"Normal","Randolph College",81.01,1086,"2014_15"
"Normal","University of Richmond",31.8,1337,"2014_15"
"Normal","Roanoke College",69.32,1087,"2014_15"
"Normal","Shenandoah University",82.59,994,"2014_15"
"Normal","Southern Virginia University",47.07,1056,"2014_15"
"Normal","Sweet Briar College",93.54,1056,"2014_15"
"Normal","The University of Virginia's College at Wise",68.82,946,"2014_15"
"Normal","Virginia Polytechnic Institute and State University",72.63,1215,"2014_15"
"Normal","Virginia Commonwealth University",75.35,1105,"2014_15"
"Single","University of Virginia-Main Campus",29,1357,"2014_15"
"Normal","Virginia Military Institute",44.4,1162,"2014_15"
"Normal","Virginia State University",80.06,837,"2014_15"
"Normal","Virginia Union University",23.89,776,"2014_15"
"Normal","Virginia Wesleyan University",89.04,991,"2014_15"
"Normal","Washington and Lee University",19.46,1395,"2014_15"
"Normal","Central Washington University",86.46,978,"2014_15"
"Normal","Eastern Washington University",74.39,958,"2014_15"
"Normal","The Evergreen State College",98.9,1043,"2014_15"
"Normal","Gonzaga University",67.51,1207,"2014_15"
"Normal","Northwest University",96.12,1018,"2014_15"
"Normal","Pacific Lutheran University",75.01,1115,"2014_15"
"Normal","University of Puget Sound",79.29,1230,"2014_15"
"Normal","Saint Martin's University",88.82,1057,"2014_15"
"Normal","Seattle Pacific University",83.4,1140,"2014_15"
"Normal","Seattle University",73.35,1183,"2014_15"
"Normal","Walla Walla University",57.79,1075,"2014_15"
"Normal","Washington State University",82.08,1030,"2014_15"
"Normal","University of Washington-Seattle Campus",55.21,1240,"2014_15"
"Normal","Western Washington University",84.57,1110,"2014_15"
"Normal","Whitman College",41.01,1323,"2014_15"
"Normal","Alderson Broaddus University",42.58,990,"2014_15"
"Normal","Appalachian Bible College",69.14,1007,"2014_15"
"Normal","Bethany College",62.05,906,"2014_15"
"Normal","Bluefield State College",38.34,927,"2014_15"
"Normal","University of Charleston",60.77,988,"2014_15"
"Normal","Concord University",70.88,999,"2014_15"
"Normal","Davis & Elkins College",58.22,986,"2014_15"
"Normal","Fairmont State University",66.51,965,"2014_15"
"Normal","Glenville State College",46.56,900,"2014_15"
"Normal","Marshall University",76.53,1021,"2014_15"
"Normal","Ohio Valley University",32.35,944,"2014_15"
"Normal","Shepherd University",98.29,999,"2014_15"
"Normal","West Virginia State University",86.38,942,"2014_15"
"Normal","West Liberty University",72.36,965,"2014_15"
"Normal","West Virginia University Institute of Technology",61.92,983,"2014_15"
"Normal","West Virginia Wesleyan College",77.59,1005,"2014_15"
"Normal","West Virginia University",85.79,1069,"2014_15"
"Normal","Wheeling University",62.63,1032,"2014_15"
"Normal","Alverno College",65.19,930,"2014_15"
"Normal","Bellin College",48.65,1050,"2014_15"
"Normal","Cardinal Stritch University",82.98,1003,"2014_15"
"Normal","Carroll University",80.84,1090,"2014_15"
"Normal","Carthage College",71.65,1104,"2014_15"
"Normal","Concordia University-Wisconsin",75.41,1089,"2014_15"
"Normal","Edgewood College",76.22,1048,"2014_15"
"Normal","Lakeland University",54.7,949,"2014_15"
"Normal","Marian University",76.74,950,"2014_15"
"Normal","Marquette University",66.71,1220,"2014_15"
"Normal","Milwaukee School of Engineering",68.65,1243,"2014_15"
"Normal","Mount Mary University",35.27,930,"2014_15"
"Normal","Northland College",63.43,1085,"2014_15"
"Normal","Ripon College",67.45,1108,"2014_15"
"Normal","Saint Norbert College",81.71,1125,"2014_15"
"Normal","Holy Family College",47.4,820,"2014_15"
"Normal","Viterbo University",69.14,1089,"2014_15"
"Normal","University of Wisconsin-Whitewater",81.79,1050,"2014_15"
"Normal","University of Wisconsin-Eau Claire",83.69,1110,"2014_15"
"Normal","University of Wisconsin-Green Bay",87.35,1050,"2014_15"
"Normal","University of Wisconsin-La Crosse",76.29,1145,"2014_15"
"Normal","Wisconsin Lutheran College",84.29,1079,"2014_15"
"Normal","University of Wisconsin-Oshkosh",80.34,1030,"2014_15"
"Normal","University of Wisconsin-Parkside",86.02,990,"2014_15"
"Normal","University of Wisconsin-Stout",90.8,1050,"2014_15"
"Normal","University of Wisconsin-Superior",88.57,1010,"2014_15"
"Normal","University of Wisconsin-Madison",56.94,1286,"2014_15"
"Normal","University of Wisconsin-Milwaukee",89.55,1010,"2014_15"
"Normal","University of Wisconsin-Platteville",94.4,1090,"2014_15"
"Normal","University of Wisconsin-River Falls",89.54,1050,"2014_15"
"Normal","University of Wisconsin-Stevens Point",89.41,1050,"2014_15"
"Normal","University of Wyoming",97.66,1118,"2014_15"
"Normal","University of Puerto Rico-Aguadilla",90.47,1054,"2014_15"
"Normal","University of Puerto Rico-Carolina",78.54,1013,"2014_15"
"Normal","University of Puerto Rico-Cayey",82.62,1147,"2014_15"
"Normal","University of Puerto Rico-Rio Piedras",28.17,1188,"2014_15"
"Normal","University of the Virgin Islands",97.07,796,"2014_15"
"Normal","Stanford University",5.09,1465,"2014_15"
"Normal","Purdue University-Main Campus",59.29,1213,"2014_15"
"Normal","New College of Florida",59.87,1274,"2014_15"
"Normal","Montana Bible College",100,1064,"2014_15"
"Normal","California State University-San Marcos",61.8,948,"2014_15"
"Normal","University of Washington-Bothell Campus",79.15,1009,"2014_15"
"Normal","University of Washington-Tacoma Campus",84.52,979,"2014_15"
"Normal","Watkins College of Art Design & Film",26.36,1000,"2014_15"
"Normal","Soka University of America",43.46,1223,"2014_15"
"Normal","Arizona State University-West",77.8,1095,"2014_15"
"Normal","Arizona State University-Polytechnic",76.73,1138,"2014_15"
"Normal","Florida Gulf Coast University",58.88,1059,"2014_15"
"Normal","University of Connecticut-Waterbury Campus",65.83,1004,"2014_15"
"Normal","University of Connecticut-Avery Point",63.92,1050,"2014_15"
"Normal","University of Connecticut-Stamford",56.85,1001,"2014_15"
"Normal","The King's University",100,1016,"2014_15"
"Normal","Franklin W Olin College of Engineering",12,1475,"2014_15"
"Normal","DigiPen Institute of Technology",64.88,1211,"2014_15"
"Normal","University of California-Merced",67.18,1031,"2014_15"
"Normal","Ave Maria University",51.7,1085,"2014_15"
"Normal","University of South Florida-St Petersburg",35.34,1162,"2014_15"
"Normal","Arizona State University-Downtown Phoenix",78.86,1083,"2014_15"
"Normal","Visible Music College",23.98,1031,"2014_15"
"Normal","University of South Florida-Sarasota-Manatee",33.93,1105,"2014_15"
"Normal","The King's College",70.39,1127,"2014_15"
"Normal","University of Minnesota-Rochester",37.59,1112,"2014_15"
"Normal","John Paul the Great Catholic University",87.5,1086,"2014_15"
"Normal","Pennsylvania State University-World Campus",58.08,1040,"2014_15"
"Normal","Augusta University",76.54,1030,"2014_15"
"Normal","University of North Georgia",69.48,1016,"2014_15"
"Normal","University of Florida-Online",22.86,1156,"2014_15"
"Normal","University of North Texas at Dallas",82.1,887,"2014_15"
