"University.Name","Year.Admit","SAT.Average","Color","Year.Graduate","Completion.Rate..4.year.institutions"
"Abilene Christian University","2014_15",1091,"Normal","2017_18",61
"Adams State University","2014_15",955,"Normal","2017_18",29
"Adelphi University","2014_15",1092,"Normal","2017_18",68
"Adrian College","2014_15",1009,"Normal","2017_18",52
"AdventHealth University","2014_15",928,"Normal","2017_18",19
"Alabama A & M University","2014_15",827,"Normal","2017_18",24
"Alabama State University","2014_15",851,"Normal","2017_18",28
"Alaska Pacific University","2014_15",1054,"Normal","2017_18",53
"Albany College of Pharmacy and Health Sciences","2014_15",1165,"Normal","2017_18",76
"Albion College","2014_15",1125,"Normal","2017_18",57
"Alcorn State University","2014_15",872,"Normal","2017_18",33
"Alderson Broaddus University","2014_15",990,"Normal","2017_18",47
"Alfred University","2014_15",1064,"Normal","2017_18",53
"Alice Lloyd College","2014_15",1008,"Normal","2017_18",55
"Allegheny College","2014_15",1170,"Normal","2017_18",75
"Alma College","2014_15",1101,"Normal","2017_18",68
"Alvernia University","2014_15",970,"Normal","2017_18",60
"Alverno College","2014_15",930,"Normal","2017_18",45
"American International College","2014_15",887,"Normal","2017_18",41
"American University","2014_15",1252,"Normal","2017_18",79
"Amherst College","2014_15",1439,"Normal","2017_18",95
"Anderson University","2014_15",1048,"Normal","2017_18",57
"Anderson University","2014_15",1048,"Normal","2017_18",57
"Anderson University","2014_15",1038,"Normal","2017_18",57
"Anderson University","2014_15",1038,"Normal","2017_18",57
"Andrews University","2014_15",1081,"Normal","2017_18",55
"Angelo State University","2014_15",976,"Normal","2017_18",37
"Appalachian Bible College","2014_15",1007,"Normal","2017_18",57
"Appalachian State University","2014_15",1148,"Normal","2017_18",73
"Aquinas College","2014_15",1090,"Normal","2017_18",59
"Arcadia University","2014_15",1105,"Normal","2017_18",66
"Arizona Christian University","2014_15",988,"Normal","2017_18",47
"Arizona State University Campus Immersion","2014_15",1145,"Normal","2017_18",63
"Arizona State University-Downtown Phoenix","2014_15",1083,"Normal","2017_18",66
"Arizona State University-Polytechnic","2014_15",1138,"Normal","2017_18",59
"Arizona State University-West","2014_15",1095,"Normal","2017_18",58
"Arkansas State University","2014_15",1088,"Normal","2017_18",48
"Arkansas Tech University","2014_15",1010,"Normal","2017_18",39
"Armstrong State University","2014_15",1006,"Normal","2017_18",32
"Art Academy of Cincinnati","2014_15",961,"Normal","2017_18",56
"Asbury University","2014_15",1135,"Normal","2017_18",69
"Ashland University","2014_15",1048,"Normal","2017_18",60
"Auburn University","2014_15",1215,"Normal","2017_18",77
"Auburn University at Montgomery","2014_15",1009,"Normal","2017_18",28
"Augsburg University","2014_15",1074,"Normal","2017_18",62
"Augusta University","2014_15",1030,"Normal","2017_18",27
"Augustana University","2014_15",1162,"Normal","2017_18",71
"Aurora University","2014_15",1010,"Normal","2017_18",53
"Austin College","2014_15",1159,"Normal","2017_18",67
"Austin Peay State University","2014_15",1010,"Normal","2017_18",38
"Ave Maria University","2014_15",1085,"Normal","2017_18",55
"Averett University","2014_15",923,"Normal","2017_18",40
"Avila University","2014_15",1038,"Normal","2017_18",42
"Azusa Pacific University","2014_15",1037,"Normal","2017_18",67
"Babson College","2014_15",1272,"Normal","2017_18",92
"Baker University","2014_15",1059,"Normal","2017_18",57
"Ball State University","2014_15",1066,"Normal","2017_18",62
"Baptist Health Sciences University","2014_15",1110,"Normal","2017_18",71
"Barnard College","2014_15",1343,"Normal","2017_18",93
"Barry University","2014_15",938,"Normal","2017_18",35
"Barton College","2014_15",962,"Normal","2017_18",53
"Bay Path University","2014_15",951,"Normal","2017_18",57
"Baylor University","2014_15",1227,"Normal","2017_18",77
"Becker College","2014_15",1015,"Normal","2017_18",38
"Bellarmine University","2014_15",1120,"Normal","2017_18",65
"Bellin College","2014_15",1050,"Normal","2017_18",67
"Belmont Abbey College","2014_15",1000,"Normal","2017_18",43
"Belmont University","2014_15",1176,"Normal","2017_18",70
"Bemidji State University","2014_15",1010,"Normal","2017_18",47
"Benedictine College","2014_15",1120,"Normal","2017_18",63
"Benedictine University","2014_15",1030,"Normal","2017_18",50
"Bentley University","2014_15",1247,"Normal","2017_18",91
"Berea College","2014_15",1125,"Normal","2017_18",66
"Berry College","2014_15",1183,"Normal","2017_18",64
"Bethany College","2014_15",906,"Normal","2017_18",47
"Bethany College","2014_15",906,"Normal","2017_18",46
"Bethany College","2014_15",969,"Normal","2017_18",47
"Bethany College","2014_15",969,"Normal","2017_18",46
"Bethany Lutheran College","2014_15",1070,"Normal","2017_18",52
"Bethel College-North Newton","2014_15",1000,"Normal","2017_18",42
"Bethel University","2014_15",930,"Normal","2017_18",64
"Bethel University","2014_15",930,"Normal","2017_18",27
"Bethel University","2014_15",930,"Normal","2017_18",71
"Bethel University","2014_15",1040,"Normal","2017_18",64
"Bethel University","2014_15",1040,"Normal","2017_18",27
"Bethel University","2014_15",1040,"Normal","2017_18",71
"Bethel University","2014_15",1146,"Normal","2017_18",64
"Bethel University","2014_15",1146,"Normal","2017_18",27
"Bethel University","2014_15",1146,"Normal","2017_18",71
"Bethune-Cookman University","2014_15",803,"Normal","2017_18",37
"Binghamton University","2014_15",1287,"Normal","2017_18",82
"Biola University","2014_15",1122,"Normal","2017_18",73
"Birmingham-Southern College","2014_15",1181,"Normal","2017_18",66
"Black Hills State University","2014_15",951,"Normal","2017_18",35
"Blackburn College","2014_15",989,"Normal","2017_18",48
"Bloomfield College","2014_15",810,"Normal","2017_18",32
"Bloomsburg University of Pennsylvania","2014_15",970,"Normal","2017_18",58
"Blue Mountain College","2014_15",1030,"Normal","2017_18",61
"Bluefield College","2014_15",907,"Normal","2017_18",21
"Bluefield State College","2014_15",927,"Normal","2017_18",21
"Bluffton University","2014_15",1029,"Normal","2017_18",51
"Bob Jones University","2014_15",1052,"Normal","2017_18",67
"Boise Bible College","2014_15",996,"Normal","2017_18",49
"Boise State University","2014_15",1042,"Normal","2017_18",44
"Boston Baptist College","2014_15",875,"Normal","2017_18",58
"Boston College","2014_15",1380,"Normal","2017_18",92
"Boston University","2014_15",1300,"Normal","2017_18",87
"Bowie State University","2014_15",867,"Normal","2017_18",40
"Bowling Green State University-Main Campus","2014_15",1012,"Normal","2017_18",53
"Bradley University","2014_15",1162,"Normal","2017_18",73
"Brandeis University","2014_15",1369,"Normal","2017_18",90
"Brenau University","2014_15",985,"Normal","2017_18",49
"Brescia University","2014_15",1039,"Normal","2017_18",39
"Briar Cliff University","2014_15",1005,"Normal","2017_18",42
"Bridgewater College","2014_15",1056,"Normal","2017_18",61
"Bridgewater State University","2014_15",991,"Normal","2017_18",59
"Brigham Young University","2014_15",1290,"Normal","2017_18",83
"Brigham Young University-Hawaii","2014_15",1110,"Normal","2017_18",56
"Brigham Young University-Idaho","2014_15",1041,"Normal","2017_18",60
"Brown University","2014_15",1435,"Normal","2017_18",95
"Bryan College of Health Sciences","2014_15",1050,"Normal","2017_18",79
"Bryan College-Dayton","2014_15",1065,"Normal","2017_18",46
"Bryn Athyn College of the New Church","2014_15",900,"Normal","2017_18",51
"Bryn Mawr College","2014_15",1313,"Normal","2017_18",83
"Bucknell University","2014_15",1317,"Normal","2017_18",90
"Buena Vista University","2014_15",1047,"Normal","2017_18",60
"Bushnell University","2014_15",987,"Normal","2017_18",55
"Butler University","2014_15",1205,"Normal","2017_18",79
"Cabrini University","2014_15",897,"Normal","2017_18",58
"Cairn University-Langhorne","2014_15",993,"Normal","2017_18",60
"Caldwell University","2014_15",950,"Normal","2017_18",66
"California Baptist University","2014_15",976,"Normal","2017_18",59
"California Institute of Technology","2014_15",1545,"Normal","2017_18",89
"California Lutheran University","2014_15",1109,"Normal","2017_18",71
"California Polytechnic State University-San Luis Obispo","2014_15",1234,"Normal","2017_18",82
"California State Polytechnic University-Pomona","2014_15",1074,"Normal","2017_18",66
"California State University-Chico","2014_15",996,"Normal","2017_18",66
"California State University-Fresno","2014_15",910,"Normal","2017_18",56
"California State University-Fullerton","2014_15",1021,"Normal","2017_18",66
"California State University-Long Beach","2014_15",1054,"Normal","2017_18",69
"California State University-Los Angeles","2014_15",871,"Normal","2017_18",47
"California State University-Northridge","2014_15",914,"Normal","2017_18",51
"California State University-Sacramento","2014_15",937,"Normal","2017_18",48
"California State University-San Bernardino","2014_15",884,"Normal","2017_18",54
"California State University-San Marcos","2014_15",948,"Normal","2017_18",53
"California University of Pennsylvania","2014_15",934,"Normal","2017_18",52
"Calvary University","2014_15",1014,"Normal","2017_18",67
"Calvin University","2014_15",1182,"Normal","2017_18",72
"Campbell University","2014_15",1025,"Normal","2017_18",52
"Campbellsville University","2014_15",964,"Normal","2017_18",34
"Canisius College","2014_15",1085,"Normal","2017_18",69
"Capital University","2014_15",1100,"Normal","2017_18",59
"Capitol Technology University","2014_15",1075,"Normal","2017_18",52
"Cardinal Stritch University","2014_15",1003,"Normal","2017_18",45
"Carleton College","2014_15",1408,"Normal","2017_18",94
"Carlow University","2014_15",941,"Normal","2017_18",57
"Carnegie Mellon University","2014_15",1436,"Normal","2017_18",89
"Carroll College","2014_15",1133,"Normal","2017_18",72
"Carroll University","2014_15",1090,"Normal","2017_18",66
"Carson-Newman University","2014_15",1083,"Normal","2017_18",46
"Carthage College","2014_15",1104,"Normal","2017_18",60
"Case Western Reserve University","2014_15",1375,"Normal","2017_18",83
"Castleton University","2014_15",967,"Normal","2017_18",54
"Cedar Crest College","2014_15",1005,"Normal","2017_18",50
"Cedarville University","2014_15",1187,"Normal","2017_18",72
"Centenary College of Louisiana","2014_15",1109,"Normal","2017_18",48
"Centenary University","2014_15",926,"Normal","2017_18",61
"Central Baptist College","2014_15",985,"Normal","2017_18",22
"Central Christian College of Kansas","2014_15",966,"Normal","2017_18",22
"Central College","2014_15",1101,"Normal","2017_18",69
"Central Connecticut State University","2014_15",1015,"Normal","2017_18",52
"Central Methodist University-College of Liberal Arts and Sciences","2014_15",1050,"Normal","2017_18",53
"Central Michigan University","2014_15",1050,"Normal","2017_18",58
"Central State University","2014_15",804,"Normal","2017_18",20
"Central Washington University","2014_15",978,"Normal","2017_18",52
"Centre College","2014_15",1263,"Normal","2017_18",82
"Chaminade University of Honolulu","2014_15",958,"Normal","2017_18",54
"Champlain College","2014_15",1150,"Normal","2017_18",60
"Chapman University","2014_15",1210,"Normal","2017_18",79
"Charleston Southern University","2014_15",997,"Normal","2017_18",35
"Chestnut Hill College","2014_15",968,"Normal","2017_18",55
"Chicago State University","2014_15",870,"Normal","2017_18",13
"Chowan University","2014_15",773,"Normal","2017_18",26
"Christian Brothers University","2014_15",1105,"Normal","2017_18",43
"Christopher Newport University","2014_15",1152,"Normal","2017_18",75
"Cincinnati Christian University","2014_15",969,"Normal","2017_18",40
"Citadel Military College of South Carolina","2014_15",1073,"Normal","2017_18",73
"Claflin University","2014_15",806,"Normal","2017_18",53
"Claremont McKenna College","2014_15",1419,"Normal","2017_18",90
"Clarion University of Pennsylvania","2014_15",928,"Normal","2017_18",50
"Clark Atlanta University","2014_15",860,"Normal","2017_18",40
"Clarke University","2014_15",1029,"Normal","2017_18",63
"Clarks Summit University","2014_15",1004,"Normal","2017_18",65
"Clarkson College","2014_15",990,"Normal","2017_18",74
"Clarkson University","2014_15",1195,"Normal","2017_18",73
"Clayton  State University","2014_15",930,"Normal","2017_18",30
"Clemson University","2014_15",1261,"Normal","2017_18",82
"Cleveland Institute of Art","2014_15",1048,"Normal","2017_18",56
"Cleveland State University","2014_15",1014,"Normal","2017_18",43
"Cleveland University-Kansas City","2014_15",1050,"Normal","2017_18",100
"Coastal Carolina University","2014_15",996,"Normal","2017_18",42
"Coe College","2014_15",1146,"Normal","2017_18",69
"Coker University","2014_15",992,"Normal","2017_18",47
"Colby College","2014_15",1333,"Normal","2017_18",92
"Colgate University","2014_15",1369,"Normal","2017_18",91
"College for Creative Studies","2014_15",1010,"Normal","2017_18",60
"College of Charleston","2014_15",1137,"Normal","2017_18",69
"College of Mount Saint Vincent","2014_15",931,"Normal","2017_18",54
"College of Our Lady of the Elms","2014_15",946,"Normal","2017_18",57
"College of Saint Benedict","2014_15",1179,"Normal","2017_18",82
"College of Staten Island CUNY","2014_15",1005,"Normal","2017_18",30
"College of the Ozarks","2014_15",1074,"Normal","2017_18",72
"Colorado Mesa University","2014_15",970,"Normal","2017_18",33
"Colorado School of Mines","2014_15",1333,"Normal","2017_18",78
"Colorado State University Pueblo","2014_15",971,"Normal","2017_18",35
"Colorado State University-Fort Collins","2014_15",1128,"Normal","2017_18",69
"Columbia College","2014_15",1033,"Normal","2017_18",26
"Columbia College","2014_15",1033,"Normal","2017_18",49
"Columbia International University","2014_15",1035,"Normal","2017_18",67
"Columbia University in the City of New York","2014_15",1470,"Normal","2017_18",95
"Columbus College of Art and Design","2014_15",1044,"Normal","2017_18",61
"Columbus State University","2014_15",976,"Normal","2017_18",33
"Conception Seminary College","2014_15",1105,"Normal","2017_18",57
"Concord University","2014_15",999,"Normal","2017_18",35
"Concordia College","2014_15",872,"Normal","2017_18",46
"Concordia College at Moorhead","2014_15",1166,"Normal","2017_18",70
"Concordia University Texas","2014_15",1021,"Normal","2017_18",35
"Concordia University-Ann Arbor","2014_15",1030,"Normal","2017_18",26
"Concordia University-Chicago","2014_15",1031,"Normal","2017_18",48
"Concordia University-Irvine","2014_15",1038,"Normal","2017_18",65
"Concordia University-Nebraska","2014_15",1067,"Normal","2017_18",66
"Concordia University-Portland","2014_15",1037,"Normal","2017_18",48
"Concordia University-Wisconsin","2014_15",1089,"Normal","2017_18",53
"Converse College","2014_15",1045,"Normal","2017_18",58
"Cooper Union for the Advancement of Science and Art","2014_15",1388,"Normal","2017_18",85
"Coppin State University","2014_15",880,"Normal","2017_18",24
"Corban University","2014_15",1016,"Normal","2017_18",50
"Cornell College","2014_15",1200,"Normal","2017_18",71
"Cornell University","2014_15",1422,"Normal","2017_18",93
"Cornerstone University","2014_15",1051,"Normal","2017_18",53
"Covenant College","2014_15",1175,"Normal","2017_18",69
"Creighton University","2014_15",1200,"Normal","2017_18",81
"Crown College","2014_15",1016,"Normal","2017_18",67
"Culver-Stockton College","2014_15",986,"Normal","2017_18",48
"Cumberland University","2014_15",1044,"Normal","2017_18",50
"CUNY Bernard M Baruch College","2014_15",1235,"Normal","2017_18",70
"CUNY Brooklyn College","2014_15",1085,"Normal","2017_18",58
"CUNY City College","2014_15",1130,"Normal","2017_18",50
"CUNY Hunter College","2014_15",1160,"Normal","2017_18",52
"CUNY John Jay College of Criminal Justice","2014_15",970,"Normal","2017_18",47
"CUNY Lehman College","2014_15",995,"Normal","2017_18",46
"CUNY Queens College","2014_15",1090,"Normal","2017_18",54
"CUNY York College","2014_15",900,"Normal","2017_18",29
"Curry College","2014_15",948,"Normal","2017_18",52
"D'Youville College","2014_15",1035,"Normal","2017_18",54
"Dakota State University","2014_15",1026,"Normal","2017_18",36
"Dakota Wesleyan University","2014_15",1044,"Normal","2017_18",52
"Dallas Baptist University","2014_15",1075,"Normal","2017_18",58
"Dallas Christian College","2014_15",996,"Normal","2017_18",24
"Dartmouth College","2014_15",1444,"Normal","2017_18",96
"Davidson College","2014_15",1337,"Normal","2017_18",91
"Davis & Elkins College","2014_15",986,"Normal","2017_18",42
"Davis College","2014_15",954,"Normal","2017_18",60
"Defiance College","2014_15",975,"Normal","2017_18",39
"Delaware State University","2014_15",894,"Normal","2017_18",37
"Delaware Valley University","2014_15",990,"Normal","2017_18",56
"Delta State University","2014_15",969,"Normal","2017_18",40
"DePauw University","2014_15",1213,"Normal","2017_18",81
"DeSales University","2014_15",1033,"Normal","2017_18",70
"Dickinson State University","2014_15",957,"Normal","2017_18",32
"DigiPen Institute of Technology","2014_15",1211,"Normal","2017_18",43
"Dillard University","2014_15",886,"Normal","2017_18",40
"Doane University","2014_15",1060,"Normal","2017_18",63
"Dominican College of Blauvelt","2014_15",872,"Normal","2017_18",43
"Dominican University","2014_15",1029,"Normal","2017_18",62
"Dominican University of California","2014_15",1047,"Normal","2017_18",72
"Dordt University","2014_15",1100,"Normal","2017_18",65
"Drake University","2014_15",1239,"Normal","2017_18",79
"Drew University","2014_15",1118,"Normal","2017_18",62
"Drexel University","2014_15",1186,"Normal","2017_18",71
"Drury University","2014_15",1185,"Normal","2017_18",55
"Duke University","2014_15",1454,"Normal","2017_18",95
"Duquesne University","2014_15",1144,"Normal","2017_18",80
"East Carolina University","2014_15",1036,"Normal","2017_18",62
"East Central University","2014_15",1005,"Normal","2017_18",33
"East Stroudsburg University of Pennsylvania","2014_15",954,"Normal","2017_18",48
"East Tennessee State University","2014_15",1030,"Normal","2017_18",41
"East Texas Baptist University","2014_15",952,"Normal","2017_18",31
"Eastern Illinois University","2014_15",1010,"Normal","2017_18",56
"Eastern Kentucky University","2014_15",1008,"Normal","2017_18",44
"Eastern Mennonite University","2014_15",1003,"Normal","2017_18",63
"Eastern Michigan University","2014_15",1028,"Normal","2017_18",40
"Eastern Nazarene College","2014_15",918,"Normal","2017_18",49
"Eastern New Mexico University-Main Campus","2014_15",935,"Normal","2017_18",33
"Eastern Oregon University","2014_15",948,"Normal","2017_18",31
"Eastern University","2014_15",1038,"Normal","2017_18",63
"Eastern Washington University","2014_15",958,"Normal","2017_18",52
"Eckerd College","2014_15",1153,"Normal","2017_18",70
"Edgewood College","2014_15",1048,"Normal","2017_18",61
"Edinboro University of Pennsylvania","2014_15",928,"Normal","2017_18",43
"Edward Waters College","2014_15",825,"Normal","2017_18",32
"Elizabeth City State University","2014_15",866,"Normal","2017_18",38
"Elizabethtown College","2014_15",1133,"Normal","2017_18",75
"Elmhurst University","2014_15",1089,"Normal","2017_18",64
"Elmira College","2014_15",1073,"Normal","2017_18",60
"Elon University","2014_15",1225,"Normal","2017_18",84
"Emerson College","2014_15",1244,"Normal","2017_18",81
"Emmanuel College","2014_15",960,"Normal","2017_18",66
"Emmanuel College","2014_15",960,"Normal","2017_18",45
"Emmanuel College","2014_15",1093,"Normal","2017_18",66
"Emmanuel College","2014_15",1093,"Normal","2017_18",45
"Emory & Henry College","2014_15",995,"Normal","2017_18",52
"Emory University","2014_15",1366,"Normal","2017_18",91
"Emporia State University","2014_15",1009,"Normal","2017_18",45
"Erskine College","2014_15",1016,"Normal","2017_18",60
"Eureka College","2014_15",1053,"Normal","2017_18",44
"Evangel University","2014_15",1055,"Normal","2017_18",48
"Fairleigh Dickinson University-Florham Campus","2014_15",1031,"Normal","2017_18",55
"Fairleigh Dickinson University-Metropolitan Campus","2014_15",944,"Normal","2017_18",39
"Fairmont State University","2014_15",965,"Normal","2017_18",37
"Faith Baptist Bible College and Theological Seminary","2014_15",1004,"Normal","2017_18",54
"Farmingdale State College","2014_15",982,"Normal","2017_18",52
"Fayetteville State University","2014_15",892,"Normal","2017_18",33
"Felician University","2014_15",870,"Normal","2017_18",47
"Ferris State University","2014_15",1010,"Normal","2017_18",45
"Ferrum College","2014_15",852,"Normal","2017_18",35
"Finlandia University","2014_15",910,"Normal","2017_18",30
"Fisk University","2014_15",946,"Normal","2017_18",52
"Fitchburg State University","2014_15",1004,"Normal","2017_18",60
"Flagler College","2014_15",1058,"Normal","2017_18",55
"Florida Agricultural and Mechanical University","2014_15",948,"Normal","2017_18",48
"Florida Atlantic University","2014_15",1058,"Normal","2017_18",51
"Florida Gulf Coast University","2014_15",1059,"Normal","2017_18",48
"Florida Institute of Technology","2014_15",1176,"Normal","2017_18",60
"Florida International University","2014_15",1089,"Normal","2017_18",57
"Florida Southern College","2014_15",1147,"Normal","2017_18",63
"Florida State University","2014_15",1228,"Normal","2017_18",80
"Fontbonne University","2014_15",1050,"Normal","2017_18",50
"Fordham University","2014_15",1254,"Normal","2017_18",79
"Fort Lewis College","2014_15",1020,"Normal","2017_18",40
"Fort Valley State University","2014_15",873,"Normal","2017_18",26
"Framingham State University","2014_15",1011,"Normal","2017_18",54
"Francis Marion University","2014_15",933,"Normal","2017_18",37
"Franciscan University of Steubenville","2014_15",1183,"Normal","2017_18",78
"Franklin College","2014_15",1031,"Normal","2017_18",62
"Franklin Pierce University","2014_15",949,"Normal","2017_18",49
"Franklin W Olin College of Engineering","2014_15",1475,"Normal","2017_18",91
"Freed-Hardeman University","2014_15",1117,"Normal","2017_18",55
"Fresno Pacific University","2014_15",1010,"Normal","2017_18",65
"Friends University","2014_15",1029,"Normal","2017_18",34
"Frostburg State University","2014_15",967,"Normal","2017_18",49
"Gallaudet University","2014_15",849,"Normal","2017_18",52
"Gannon University","2014_15",1037,"Normal","2017_18",68
"Gardner-Webb University","2014_15",1020,"Normal","2017_18",50
"Geneva College","2014_15",1072,"Normal","2017_18",69
"George Fox University","2014_15",1081,"Normal","2017_18",72
"George Mason University","2014_15",1152,"Normal","2017_18",71
"George Washington University","2014_15",1297,"Normal","2017_18",81
"Georgetown College","2014_15",1102,"Normal","2017_18",53
"Georgetown University","2014_15",1414,"Single","2017_18",95
"Georgia College & State University","2014_15",1132,"Normal","2017_18",66
"Georgia Institute of Technology-Main Campus","2014_15",1400,"Single","2017_18",85
"Georgia Southern University","2014_15",1099,"Normal","2017_18",50
"Georgia Southwestern State University","2014_15",970,"Normal","2017_18",26
"Georgia State University","2014_15",1055,"Normal","2017_18",53
"Georgian Court University","2014_15",945,"Normal","2017_18",48
"Glenville State College","2014_15",900,"Normal","2017_18",30
"Gonzaga University","2014_15",1207,"Normal","2017_18",87
"Gordon College","2014_15",1161,"Normal","2017_18",70
"Goshen College","2014_15",1109,"Normal","2017_18",72
"Grace College and Theological Seminary","2014_15",1110,"Normal","2017_18",62
"Grace University","2014_15",1064,"Normal","2017_18",43
"Graceland University-Lamoni","2014_15",938,"Normal","2017_18",50
"Grambling State University","2014_15",868,"Normal","2017_18",35
"Grand Valley State University","2014_15",1089,"Normal","2017_18",65
"Grand View University","2014_15",967,"Normal","2017_18",50
"Greensboro College","2014_15",876,"Normal","2017_18",16
"Greenville University","2014_15",1056,"Normal","2017_18",42
"Grinnell College","2014_15",1398,"Normal","2017_18",87
"Grove City College","2014_15",1203,"Normal","2017_18",83
"Gwynedd Mercy University","2014_15",961,"Normal","2017_18",49
"Hamilton College","2014_15",1393,"Normal","2017_18",94
"Hamline University","2014_15",1101,"Normal","2017_18",67
"Hampden-Sydney College","2014_15",1098,"Normal","2017_18",64
"Hampton University","2014_15",999,"Normal","2017_18",56
"Hanover College","2014_15",1101,"Normal","2017_18",71
"Hardin-Simmons University","2014_15",1037,"Normal","2017_18",51
"Harding University","2014_15",1131,"Normal","2017_18",67
"Harvard University","2014_15",1501,"Normal","2017_18",96
"Harvey Mudd College","2014_15",1500,"Normal","2017_18",96
"Hastings College","2014_15",1079,"Normal","2017_18",55
"Haverford College","2014_15",1422,"Normal","2017_18",93
"Hebrew Theological College","2014_15",1030,"Normal","2017_18",7
"Heidelberg University","2014_15",1027,"Normal","2017_18",49
"Henderson State University","2014_15",989,"Normal","2017_18",33
"Hendrix College","2014_15",1244,"Normal","2017_18",75
"High Point University","2014_15",1096,"Normal","2017_18",63
"Hiram College","2014_15",1004,"Normal","2017_18",56
"Hofstra University","2014_15",1147,"Normal","2017_18",63
"Hollins University","2014_15",1082,"Normal","2017_18",62
"Holy Cross College","2014_15",969,"Normal","2017_18",40
"Holy Family College","2014_15",820,"Normal","2017_18",59
"Holy Family University","2014_15",925,"Normal","2017_18",55
"Holy Names University","2014_15",885,"Normal","2017_18",43
"Hope College","2014_15",1185,"Normal","2017_18",80
"Hope International University","2014_15",896,"Normal","2017_18",48
"Houghton College","2014_15",1121,"Normal","2017_18",73
"Houston Baptist University","2014_15",1054,"Normal","2017_18",48
"Howard Payne University","2014_15",976,"Normal","2017_18",41
"Howard University","2014_15",1105,"Normal","2017_18",63
"Humboldt State University","2014_15",986,"Normal","2017_18",47
"Huntingdon College","2014_15",1026,"Normal","2017_18",37
"Huntington University","2014_15",1034,"Normal","2017_18",60
"Husson University","2014_15",951,"Normal","2017_18",55
"Huston-Tillotson University","2014_15",814,"Normal","2017_18",23
"Illinois Institute of Technology","2014_15",1266,"Normal","2017_18",72
"Illinois State University","2014_15",1110,"Normal","2017_18",69
"Illinois Wesleyan University","2014_15",1249,"Normal","2017_18",78
"Immaculata University","2014_15",962,"Normal","2017_18",62
"Indiana Institute of Technology","2014_15",965,"Normal","2017_18",34
"Indiana State University","2014_15",913,"Normal","2017_18",39
"Indiana University of Pennsylvania-Main Campus","2014_15",958,"Normal","2017_18",56
"Indiana University-Bloomington","2014_15",1198,"Normal","2017_18",77
"Indiana University-East","2014_15",943,"Normal","2017_18",36
"Indiana University-Kokomo","2014_15",934,"Normal","2017_18",39
"Indiana University-Northwest","2014_15",916,"Normal","2017_18",28
"Indiana University-Purdue University-Indianapolis","2014_15",1010,"Normal","2017_18",45
"Indiana University-South Bend","2014_15",942,"Normal","2017_18",29
"Indiana University-Southeast","2014_15",959,"Normal","2017_18",32
"Indiana Wesleyan University-Marion","2014_15",1081,"Normal","2017_18",63
"Iona College","2014_15",1022,"Normal","2017_18",64
"Iowa State University","2014_15",1145,"Normal","2017_18",73
"Iowa Wesleyan University","2014_15",990,"Normal","2017_18",27
"Jackson State University","2014_15",911,"Normal","2017_18",34
"Jacksonville State University","2014_15",1041,"Normal","2017_18",37
"James Madison University","2014_15",1153,"Normal","2017_18",83
"Jefferson (Philadelphia University + Thomas Jefferson University)","2014_15",1074,"Normal","2017_18",66
"Jewish Theological Seminary of America","2014_15",1330,"Normal","2017_18",80
"John Carroll University","2014_15",1116,"Normal","2017_18",78
"John Paul the Great Catholic University","2014_15",1086,"Normal","2017_18",61
"Johns Hopkins University","2014_15",1439,"Normal","2017_18",93
"Johnson C Smith University","2014_15",808,"Normal","2017_18",44
"Johnson University","2014_15",1034,"Normal","2017_18",63
"Johnson University Florida","2014_15",940,"Normal","2017_18",28
"Judson University","2014_15",1080,"Normal","2017_18",54
"Kalamazoo College","2014_15",1239,"Normal","2017_18",86
"Kansas City Art Institute","2014_15",1086,"Normal","2017_18",54
"Kansas Wesleyan University","2014_15",1059,"Normal","2017_18",32
"Kean University","2014_15",907,"Normal","2017_18",49
"Keene State College","2014_15",965,"Normal","2017_18",62
"Kennesaw State University","2014_15",1076,"Normal","2017_18",42
"Kent State University at Kent","2014_15",1050,"Normal","2017_18",58
"Kentucky Christian University","2014_15",966,"Normal","2017_18",33
"Kentucky Mountain Bible College","2014_15",1010,"Normal","2017_18",71
"Kentucky State University","2014_15",883,"Normal","2017_18",20
"Kentucky Wesleyan College","2014_15",1021,"Normal","2017_18",32
"Kenyon College","2014_15",1332,"Normal","2017_18",91
"Kettering University","2014_15",1223,"Normal","2017_18",61
"Keystone College","2014_15",921,"Normal","2017_18",39
"King University","2014_15",1042,"Normal","2017_18",52
"Kutztown University of Pennsylvania","2014_15",960,"Normal","2017_18",53
"Kuyper College","2014_15",1030,"Normal","2017_18",54
"La Roche University","2014_15",926,"Normal","2017_18",50
"La Salle University","2014_15",994,"Normal","2017_18",67
"La Sierra University","2014_15",934,"Normal","2017_18",47
"Lafayette College","2014_15",1300,"Normal","2017_18",90
"LaGrange College","2014_15",1035,"Normal","2017_18",41
"Lake Erie College","2014_15",966,"Normal","2017_18",46
"Lake Superior State University","2014_15",1028,"Normal","2017_18",44
"Lakeland University","2014_15",949,"Normal","2017_18",59
"Lamar University","2014_15",963,"Normal","2017_18",30
"Lancaster Bible College","2014_15",996,"Normal","2017_18",57
"Lander University","2014_15",936,"Normal","2017_18",42
"Lane College","2014_15",762,"Normal","2017_18",21
"Lasell University","2014_15",974,"Normal","2017_18",54
"Lawrence Technological University","2014_15",1127,"Normal","2017_18",54
"Le Moyne College","2014_15",1071,"Normal","2017_18",74
"Le Moyne-Owen College","2014_15",735,"Normal","2017_18",14
"Lee University","2014_15",1076,"Normal","2017_18",52
"Lehigh University","2014_15",1326,"Normal","2017_18",86
"Lesley University","2014_15",1086,"Normal","2017_18",60
"LeTourneau University","2014_15",1177,"Normal","2017_18",60
"Lewis University","2014_15",1070,"Normal","2017_18",67
"Lewis-Clark State College","2014_15",923,"Normal","2017_18",28
"Liberty University","2014_15",1040,"Normal","2017_18",47
"Life Pacific University","2014_15",903,"Normal","2017_18",48
"LIM College","2014_15",914,"Normal","2017_18",47
"Limestone University","2014_15",1020,"Normal","2017_18",43
"Lincoln Christian University","2014_15",1006,"Normal","2017_18",67
"Lincoln Memorial University","2014_15",1055,"Normal","2017_18",46
"Lincoln University","2014_15",862,"Normal","2017_18",16
"Lincoln University","2014_15",862,"Normal","2017_18",46
"Lincoln University","2014_15",862,"Normal","2017_18",83
"Lindenwood University","2014_15",1038,"Normal","2017_18",50
"Linfield University-McMinnville Campus","2014_15",1083,"Normal","2017_18",78
"Lipscomb University","2014_15",1175,"Normal","2017_18",59
"Livingstone College","2014_15",720,"Normal","2017_18",26
"Lock Haven University","2014_15",947,"Normal","2017_18",55
"Long Island University","2014_15",950,"Normal","2017_18",47
"Longwood University","2014_15",1005,"Normal","2017_18",68
"Loras College","2014_15",1088,"Normal","2017_18",68
"Louisiana College","2014_15",990,"Normal","2017_18",42
"Louisiana State University and Agricultural & Mechanical College","2014_15",1161,"Normal","2017_18",67
"Louisiana State University-Alexandria","2014_15",987,"Normal","2017_18",26
"Louisiana State University-Shreveport","2014_15",1050,"Normal","2017_18",30
"Louisiana Tech University","2014_15",1104,"Normal","2017_18",53
"Lourdes University","2014_15",950,"Normal","2017_18",33
"Loyola Marymount University","2014_15",1218,"Normal","2017_18",79
"Loyola University Chicago","2014_15",1212,"Normal","2017_18",77
"Loyola University New Orleans","2014_15",1135,"Normal","2017_18",56
"Lubbock Christian University","2014_15",1010,"Normal","2017_18",47
"Luther College","2014_15",1157,"Normal","2017_18",80
"Lycoming College","2014_15",1043,"Normal","2017_18",67
"Lyndon State College","2014_15",937,"Normal","2017_18",43
"Lynn University","2014_15",980,"Normal","2017_18",51
"Lyon College","2014_15",1109,"Normal","2017_18",52
"Macalester College","2014_15",1354,"Normal","2017_18",87
"MacMurray College","2014_15",970,"Normal","2017_18",43
"Madonna University","2014_15",1049,"Normal","2017_18",69
"Maine Maritime Academy","2014_15",1024,"Normal","2017_18",69
"Malone University","2014_15",1045,"Normal","2017_18",49
"Manchester University","2014_15",1000,"Normal","2017_18",55
"Manhattan Christian College","2014_15",1030,"Normal","2017_18",42
"Manhattan College","2014_15",1097,"Normal","2017_18",75
"Mansfield University of Pennsylvania","2014_15",950,"Normal","2017_18",50
"Marian University","2014_15",950,"Normal","2017_18",52
"Marian University","2014_15",950,"Normal","2017_18",48
"Marian University","2014_15",1036,"Normal","2017_18",52
"Marian University","2014_15",1036,"Normal","2017_18",48
"Marietta College","2014_15",1105,"Normal","2017_18",59
"Marquette University","2014_15",1220,"Normal","2017_18",80
"Mars Hill University","2014_15",924,"Normal","2017_18",31
"Marshall University","2014_15",1021,"Normal","2017_18",49
"Martin Luther College","2014_15",1125,"Normal","2017_18",69
"Mary Baldwin University","2014_15",979,"Normal","2017_18",45
"Marygrove College","2014_15",800,"Normal","2017_18",33
"Maryland Institute College of Art","2014_15",1165,"Normal","2017_18",72
"Marymount Manhattan College","2014_15",1065,"Normal","2017_18",49
"Marymount University","2014_15",1001,"Normal","2017_18",53
"Maryville College","2014_15",1049,"Normal","2017_18",59
"Maryville University of Saint Louis","2014_15",1137,"Normal","2017_18",72
"Marywood University","2014_15",1030,"Normal","2017_18",69
"Massachusetts College of Art and Design","2014_15",1077,"Normal","2017_18",73
"Massachusetts College of Liberal Arts","2014_15",977,"Normal","2017_18",54
"Massachusetts Institute of Technology","2014_15",1500,"Normal","2017_18",94
"Massachusetts Maritime Academy","2014_15",1105,"Normal","2017_18",75
"McDaniel College","2014_15",1094,"Normal","2017_18",68
"McKendree University","2014_15",1048,"Normal","2017_18",51
"McMurry University","2014_15",901,"Normal","2017_18",36
"McNeese State University","2014_15",1030,"Normal","2017_18",42
"McPherson College","2014_15",1005,"Normal","2017_18",36
"MCPHS University","2014_15",1074,"Normal","2017_18",74
"Medaille College","2014_15",840,"Normal","2017_18",43
"Memphis College of Art","2014_15",1025,"Normal","2017_18",47
"Menlo College","2014_15",995,"Normal","2017_18",53
"Mercer University","2014_15",1205,"Normal","2017_18",64
"Messiah University","2014_15",1125,"Normal","2017_18",81
"Methodist College","2014_15",930,"Normal","2017_18",42
"Methodist University","2014_15",962,"Normal","2017_18",31
"Metropolitan State University of Denver","2014_15",973,"Normal","2017_18",28
"Miami University-Oxford","2014_15",1240,"Normal","2017_18",79
"Michigan State University","2014_15",1158,"Normal","2017_18",79
"Michigan Technological University","2014_15",1244,"Normal","2017_18",67
"Mid-Atlantic Christian University","2014_15",983,"Normal","2017_18",25
"MidAmerica Nazarene University","2014_15",1010,"Normal","2017_18",51
"Middle Tennessee State University","2014_15",1032,"Normal","2017_18",44
"Middlebury College","2014_15",1379,"Normal","2017_18",95
"Midland University","2014_15",1010,"Normal","2017_18",49
"Midwestern Baptist Theological Seminary","2014_15",970,"Normal","2017_18",41
"Midwestern State University","2014_15",995,"Normal","2017_18",45
"Millersville University of Pennsylvania","2014_15",1012,"Normal","2017_18",62
"Millikin University","2014_15",1046,"Normal","2017_18",61
"Mills College","2014_15",1152,"Normal","2017_18",69
"Millsaps College","2014_15",1178,"Normal","2017_18",67
"Milwaukee School of Engineering","2014_15",1243,"Normal","2017_18",67
"Minneapolis College of Art and Design","2014_15",1088,"Normal","2017_18",59
"Minnesota State University Moorhead","2014_15",1049,"Normal","2017_18",46
"Minnesota State University-Mankato","2014_15",1010,"Normal","2017_18",48
"Minot State University","2014_15",1035,"Normal","2017_18",37
"Misericordia University","2014_15",1074,"Normal","2017_18",76
"Mississippi College","2014_15",1120,"Normal","2017_18",59
"Mississippi State University","2014_15",1126,"Normal","2017_18",58
"Mississippi University for Women","2014_15",988,"Normal","2017_18",44
"Mississippi Valley State University","2014_15",825,"Normal","2017_18",30
"Missouri Baptist University","2014_15",984,"Normal","2017_18",38
"Missouri Southern State University","2014_15",990,"Normal","2017_18",33
"Missouri State University-Springfield","2014_15",1090,"Normal","2017_18",55
"Missouri University of Science and Technology","2014_15",1283,"Normal","2017_18",64
"Molloy College","2014_15",1072,"Normal","2017_18",72
"Monmouth College","2014_15",1033,"Normal","2017_18",60
"Monmouth University","2014_15",1055,"Normal","2017_18",70
"Montana State University","2014_15",1128,"Normal","2017_18",54
"Montana State University-Northern","2014_15",917,"Normal","2017_18",33
"Montana Technological University","2014_15",1125,"Normal","2017_18",41
"Montclair State University","2014_15",975,"Normal","2017_18",65
"Montreat College","2014_15",1016,"Normal","2017_18",32
"Moravian College","2014_15",1022,"Normal","2017_18",63
"Morehead State University","2014_15",1029,"Normal","2017_18",42
"Morehouse College","2014_15",1004,"Normal","2017_18",55
"Morgan State University","2014_15",874,"Normal","2017_18",38
"Morningside College","2014_15",1065,"Normal","2017_18",56
"Mount Carmel College of Nursing","2014_15",1030,"Normal","2017_18",73
"Mount Ida College","2014_15",886,"Normal","2017_18",40
"Mount Marty University","2014_15",990,"Normal","2017_18",59
"Mount Mary University","2014_15",930,"Normal","2017_18",39
"Mount Mercy University","2014_15",1030,"Normal","2017_18",58
"Mount Saint Joseph University","2014_15",1005,"Normal","2017_18",61
"Mount Saint Mary College","2014_15",1011,"Normal","2017_18",54
"Mount Saint Mary's University","2014_15",902,"Normal","2017_18",66
"Mount St. Mary's University","2014_15",1048,"Normal","2017_18",63
"Mount Vernon Nazarene University","2014_15",1046,"Normal","2017_18",63
"Multnomah University","2014_15",1047,"Normal","2017_18",32
"Murray State University","2014_15",1064,"Normal","2017_18",49
"Muskingum University","2014_15",1009,"Normal","2017_18",48
"Nebraska Methodist College of Nursing & Allied Health","2014_15",1090,"Normal","2017_18",70
"Nebraska Wesleyan University","2014_15",1124,"Normal","2017_18",65
"Neumann University","2014_15",853,"Normal","2017_18",57
"New College of Florida","2014_15",1274,"Normal","2017_18",65
"New Jersey City University","2014_15",890,"Normal","2017_18",33
"New Jersey Institute of Technology","2014_15",1168,"Normal","2017_18",64
"New Mexico Institute of Mining and Technology","2014_15",1193,"Normal","2017_18",47
"New Mexico State University-Main Campus","2014_15",984,"Normal","2017_18",46
"New York Institute of Technology","2014_15",1069,"Normal","2017_18",50
"New York University","2014_15",1344,"Normal","2017_18",84
"Newberry College","2014_15",945,"Normal","2017_18",52
"Newman University","2014_15",1076,"Normal","2017_18",52
"Niagara University","2014_15",1040,"Normal","2017_18",68
"Nicholls State University","2014_15",1031,"Normal","2017_18",47
"Norfolk State University","2014_15",866,"Normal","2017_18",42
"North Carolina A & T State University","2014_15",910,"Normal","2017_18",43
"North Carolina Central University","2014_15",886,"Normal","2017_18",44
"North Carolina State University at Raleigh","2014_15",1253,"Normal","2017_18",79
"North Carolina Wesleyan College","2014_15",923,"Normal","2017_18",31
"North Central College","2014_15",1125,"Normal","2017_18",69
"North Central University","2014_15",1062,"Normal","2017_18",40
"North Dakota State University-Main Campus","2014_15",1092,"Normal","2017_18",58
"North Greenville University","2014_15",1152,"Normal","2017_18",51
"North Park University","2014_15",1025,"Normal","2017_18",59
"Northeastern Illinois University","2014_15",890,"Normal","2017_18",23
"Northeastern State University","2014_15",1009,"Normal","2017_18",32
"Northeastern University","2014_15",1420,"Normal","2017_18",87
"Northern Illinois University","2014_15",1030,"Normal","2017_18",45
"Northern Kentucky University","2014_15",1046,"Normal","2017_18",40
"Northern Michigan University","2014_15",1010,"Normal","2017_18",49
"Northern State University","2014_15",1025,"Normal","2017_18",45
"Northern Vermont University","2014_15",941,"Normal","2017_18",38
"Northland College","2014_15",1085,"Normal","2017_18",64
"Northwest Missouri State University","2014_15",1051,"Normal","2017_18",50
"Northwest Nazarene University","2014_15",1052,"Normal","2017_18",56
"Northwest University","2014_15",1018,"Normal","2017_18",59
"Northwestern College","2014_15",1103,"Normal","2017_18",68
"Northwestern Oklahoma State University","2014_15",930,"Normal","2017_18",28
"Northwestern State University of Louisiana","2014_15",1027,"Normal","2017_18",39
"Northwestern University","2014_15",1461,"Normal","2017_18",94
"Northwood University","2014_15",1004,"Normal","2017_18",55
"Norwich University","2014_15",1053,"Normal","2017_18",61
"Notre Dame College","2014_15",937,"Normal","2017_18",37
"Notre Dame de Namur University","2014_15",932,"Normal","2017_18",48
"Notre Dame of Maryland University","2014_15",1048,"Normal","2017_18",43
"Nova Southeastern University","2014_15",1143,"Normal","2017_18",52
"Nyack College","2014_15",909,"Normal","2017_18",45
"O'More College of Design","2014_15",1050,"Normal","2017_18",42
"Oak Hills Christian College","2014_15",964,"Normal","2017_18",67
"Oakland City University","2014_15",960,"Normal","2017_18",53
"Oakland University","2014_15",1070,"Normal","2017_18",46
"Oakwood University","2014_15",928,"Normal","2017_18",47
"Oberlin College","2014_15",1349,"Normal","2017_18",86
"Occidental College","2014_15",1300,"Normal","2017_18",84
"Oglethorpe University","2014_15",1139,"Normal","2017_18",47
"Ohio Christian University","2014_15",930,"Normal","2017_18",29
"Ohio Dominican University","2014_15",1005,"Normal","2017_18",47
"Ohio Northern University","2014_15",1180,"Normal","2017_18",76
"Ohio State University-Main Campus","2014_15",1292,"Normal","2017_18",83
"Ohio University-Main Campus","2014_15",1106,"Normal","2017_18",64
"Ohio Valley University","2014_15",944,"Normal","2017_18",30
"Oklahoma Baptist University","2014_15",1171,"Normal","2017_18",59
"Oklahoma Christian University","2014_15",1127,"Normal","2017_18",54
"Oklahoma City University","2014_15",1165,"Normal","2017_18",63
"Oklahoma Panhandle State University","2014_15",910,"Normal","2017_18",14
"Oklahoma State University-Main Campus","2014_15",1137,"Normal","2017_18",62
"Oklahoma Wesleyan University","2014_15",999,"Normal","2017_18",45
"Old Dominion University","2014_15",1007,"Normal","2017_18",54
"Olivet College","2014_15",917,"Normal","2017_18",53
"Olivet Nazarene University","2014_15",1105,"Normal","2017_18",66
"Oral Roberts University","2014_15",1010,"Normal","2017_18",57
"Oregon Institute of Technology","2014_15",1044,"Normal","2017_18",45
"Oregon State University","2014_15",1112,"Normal","2017_18",65
"Otis College of Art and Design","2014_15",1010,"Normal","2017_18",55
"Otterbein University","2014_15",1094,"Normal","2017_18",64
"Ouachita Baptist University","2014_15",1112,"Normal","2017_18",64
"Our Lady of the Lake University","2014_15",941,"Normal","2017_18",38
"Pace University","2014_15",1054,"Normal","2017_18",54
"Pacific Lutheran University","2014_15",1115,"Normal","2017_18",70
"Pacific Union College","2014_15",1017,"Normal","2017_18",52
"Pacific University","2014_15",1090,"Normal","2017_18",64
"Paine College","2014_15",760,"Normal","2017_18",16
"Palm Beach Atlantic University","2014_15",1071,"Normal","2017_18",53
"Paul Quinn College","2014_15",1070,"Normal","2017_18",19
"Pennsylvania State University-Main Campus","2014_15",1196,"Normal","2017_18",85
"Pennsylvania State University-Penn State Abington","2014_15",951,"Normal","2017_18",50
"Pennsylvania State University-Penn State Altoona","2014_15",1001,"Normal","2017_18",64
"Pennsylvania State University-Penn State Beaver","2014_15",954,"Normal","2017_18",46
"Pennsylvania State University-Penn State Berks","2014_15",973,"Normal","2017_18",57
"Pennsylvania State University-Penn State Brandywine","2014_15",968,"Normal","2017_18",42
"Pennsylvania State University-Penn State Erie-Behrend College","2014_15",1054,"Normal","2017_18",65
"Pennsylvania State University-Penn State Greater Allegheny","2014_15",967,"Normal","2017_18",43
"Pennsylvania State University-Penn State Harrisburg","2014_15",1024,"Normal","2017_18",58
"Pennsylvania State University-Penn State Lehigh Valley","2014_15",1003,"Normal","2017_18",55
"Pennsylvania State University-Penn State New Kensington","2014_15",974,"Normal","2017_18",47
"Pennsylvania State University-Penn State Schuylkill","2014_15",899,"Normal","2017_18",38
"Pennsylvania State University-Penn State Scranton","2014_15",959,"Normal","2017_18",38
"Pennsylvania State University-Penn State Shenango","2014_15",885,"Normal","2017_18",24
"Pennsylvania State University-Penn State Wilkes-Barre","2014_15",964,"Normal","2017_18",60
"Pennsylvania State University-Penn State York","2014_15",1021,"Normal","2017_18",57
"Pennsylvania State University-World Campus","2014_15",1040,"Normal","2017_18",28
"Pepperdine University","2014_15",1234,"Normal","2017_18",85
"Pfeiffer University","2014_15",948,"Normal","2017_18",42
"Piedmont University","2014_15",968,"Normal","2017_18",50
"Pine Manor College","2014_15",780,"Normal","2017_18",25
"Pittsburg State University","2014_15",1010,"Normal","2017_18",47
"Point Loma Nazarene University","2014_15",1135,"Normal","2017_18",74
"Point Park University","2014_15",995,"Normal","2017_18",55
"Point University","2014_15",917,"Normal","2017_18",27
"Pomona College","2014_15",1454,"Normal","2017_18",93
"Pontifical College Josephinum","2014_15",1280,"Normal","2017_18",50
"Portland State University","2014_15",1030,"Normal","2017_18",49
"Post University","2014_15",855,"Normal","2017_18",22
"Prairie View A & M University","2014_15",850,"Normal","2017_18",35
"Pratt Institute-Main","2014_15",1141,"Normal","2017_18",66
"Presbyterian College","2014_15",1090,"Normal","2017_18",69
"Prescott College","2014_15",1073,"Normal","2017_18",44
"Presentation College","2014_15",980,"Normal","2017_18",27
"Princeton University","2014_15",1491,"Normal","2017_18",97
"Principia College","2014_15",1093,"Normal","2017_18",84
"Purdue University Fort Wayne","2014_15",1002,"Normal","2017_18",32
"Purdue University-Main Campus","2014_15",1213,"Normal","2017_18",78
"Queens University of Charlotte","2014_15",1051,"Normal","2017_18",54
"Quincy University","2014_15",1024,"Normal","2017_18",46
"Quinnipiac University","2014_15",1104,"Normal","2017_18",75
"Radford University","2014_15",968,"Normal","2017_18",55
"Ramapo College of New Jersey","2014_15",1082,"Normal","2017_18",74
"Randall University","2014_15",940,"Normal","2017_18",24
"Randolph College","2014_15",1086,"Normal","2017_18",59
"Randolph-Macon College","2014_15",1086,"Normal","2017_18",66
"Reed College","2014_15",1383,"Normal","2017_18",80
"Regent University","2014_15",1066,"Normal","2017_18",61
"Regis University","2014_15",1108,"Normal","2017_18",71
"Reinhardt University","2014_15",975,"Normal","2017_18",37
"Rensselaer Polytechnic Institute","2014_15",1372,"Normal","2017_18",83
"Rhode Island College","2014_15",918,"Normal","2017_18",46
"Rhode Island School of Design","2014_15",1254,"Normal","2017_18",91
"Rhodes College","2014_15",1296,"Normal","2017_18",83
"Rice University","2014_15",1460,"Normal","2017_18",91
"Rider University","2014_15",1026,"Normal","2017_18",62
"Ripon College","2014_15",1108,"Normal","2017_18",68
"Rivier University","2014_15",962,"Normal","2017_18",54
"Roanoke College","2014_15",1087,"Normal","2017_18",67
"Robert Morris University","2014_15",1051,"Normal","2017_18",61
"Roberts Wesleyan College","2014_15",1059,"Normal","2017_18",60
"Rochester Institute of Technology","2014_15",1240,"Normal","2017_18",67
"Rochester University","2014_15",972,"Normal","2017_18",42
"Rockford University","2014_15",1009,"Normal","2017_18",41
"Rockhurst University","2014_15",1164,"Normal","2017_18",75
"Rocky Mountain College","2014_15",1031,"Normal","2017_18",52
"Rogers State University","2014_15",850,"Normal","2017_18",17
"Roosevelt University","2014_15",1050,"Normal","2017_18",40
"Rose-Hulman Institute of Technology","2014_15",1308,"Single","2017_18",81
"Rosemont College","2014_15",993,"Normal","2017_18",61
"Rowan University","2014_15",1074,"Normal","2017_18",69
"Rust College","2014_15",760,"Normal","2017_18",39
"Rutgers University-Camden","2014_15",1025,"Normal","2017_18",58
"Rutgers University-New Brunswick","2014_15",1215,"Normal","2017_18",80
"Rutgers University-Newark","2014_15",1035,"Normal","2017_18",68
"Saginaw Valley State University","2014_15",1030,"Normal","2017_18",40
"Saint Ambrose University","2014_15",1050,"Normal","2017_18",63
"Saint Augustine's University","2014_15",740,"Normal","2017_18",31
"Saint Cloud State University","2014_15",1010,"Normal","2017_18",44
"Saint Edward's University","2014_15",1116,"Normal","2017_18",64
"Saint Elizabeth University","2014_15",843,"Normal","2017_18",41
"Saint Francis University","2014_15",1033,"Normal","2017_18",64
"Saint John Fisher College","2014_15",1091,"Normal","2017_18",74
"Saint Johns University","2014_15",1155,"Normal","2017_18",74
"Saint Joseph's College of Maine","2014_15",965,"Normal","2017_18",59
"Saint Louis Christian College","2014_15",990,"Normal","2017_18",24
"Saint Louis University","2014_15",1239,"Normal","2017_18",77
"Saint Martin's University","2014_15",1057,"Normal","2017_18",59
"Saint Mary-of-the-Woods College","2014_15",943,"Normal","2017_18",57
"Saint Mary's College","2014_15",1144,"Normal","2017_18",79
"Saint Mary's College of California","2014_15",1109,"Normal","2017_18",76
"Saint Mary's University of Minnesota","2014_15",1067,"Normal","2017_18",58
"Saint Norbert College","2014_15",1125,"Normal","2017_18",74
"Saint Peter's University","2014_15",899,"Normal","2017_18",54
"Saint Vincent College","2014_15",1034,"Normal","2017_18",69
"Saint Xavier University","2014_15",1008,"Normal","2017_18",52
"Salem College","2014_15",1102,"Normal","2017_18",57
"Salem State University","2014_15",984,"Normal","2017_18",52
"Sam Houston State University","2014_15",1000,"Normal","2017_18",51
"Samford University","2014_15",1165,"Normal","2017_18",76
"San Diego Christian College","2014_15",992,"Normal","2017_18",57
"San Diego State University","2014_15",1115,"Normal","2017_18",74
"San Francisco State University","2014_15",990,"Normal","2017_18",54
"San Jose State University","2014_15",1038,"Normal","2017_18",57
"Santa Clara University","2014_15",1309,"Normal","2017_18",90
"Savannah College of Art and Design","2014_15",1081,"Normal","2017_18",65
"Savannah State University","2014_15",847,"Normal","2017_18",28
"School of the Art Institute of Chicago","2014_15",1065,"Normal","2017_18",66
"School of Visual Arts","2014_15",1029,"Normal","2017_18",64
"Schreiner University","2014_15",997,"Normal","2017_18",48
"Scripps College","2014_15",1360,"Normal","2017_18",88
"Seattle Pacific University","2014_15",1140,"Normal","2017_18",69
"Seattle University","2014_15",1183,"Normal","2017_18",75
"Seton Hall University","2014_15",1133,"Normal","2017_18",67
"Shenandoah University","2014_15",994,"Normal","2017_18",63
"Shepherd University","2014_15",999,"Normal","2017_18",42
"Shippensburg University of Pennsylvania","2014_15",981,"Normal","2017_18",52
"Shorter University","2014_15",951,"Normal","2017_18",40
"Siena College","2014_15",1127,"Normal","2017_18",78
"Siena Heights University","2014_15",1025,"Normal","2017_18",43
"Sierra Nevada University","2014_15",1010,"Normal","2017_18",44
"Simmons University","2014_15",1170,"Normal","2017_18",73
"Simpson College","2014_15",1125,"Normal","2017_18",68
"Simpson University","2014_15",1024,"Normal","2017_18",57
"Skidmore College","2014_15",1241,"Normal","2017_18",87
"Slippery Rock University of Pennsylvania","2014_15",999,"Normal","2017_18",66
"Soka University of America","2014_15",1223,"Normal","2017_18",94
"Sonoma State University","2014_15",984,"Normal","2017_18",58
"South Carolina State University","2014_15",810,"Normal","2017_18",36
"South Dakota School of Mines and Technology","2014_15",1181,"Normal","2017_18",51
"South Dakota State University","2014_15",1068,"Normal","2017_18",55
"Southeast Missouri State University","2014_15",1050,"Normal","2017_18",52
"Southeastern Louisiana University","2014_15",1030,"Normal","2017_18",41
"Southeastern Oklahoma State University","2014_15",970,"Normal","2017_18",27
"Southeastern University","2014_15",965,"Normal","2017_18",40
"Southern Arkansas University Main Campus","2014_15",989,"Normal","2017_18",36
"Southern California Institute of Architecture","2014_15",1151,"Normal","2017_18",100
"Southern Connecticut State University","2014_15",932,"Normal","2017_18",48
"Southern Illinois University-Carbondale","2014_15",1055,"Normal","2017_18",40
"Southern Illinois University-Edwardsville","2014_15",1070,"Normal","2017_18",49
"Southern Methodist University","2014_15",1316,"Normal","2017_18",81
"Southern Oregon University","2014_15",1029,"Normal","2017_18",38
"Southern University and A & M College","2014_15",910,"Normal","2017_18",29
"Southern University at New Orleans","2014_15",806,"Normal","2017_18",20
"Southern Utah University","2014_15",1063,"Normal","2017_18",47
"Southern Vermont College","2014_15",849,"Normal","2017_18",45
"Southern Virginia University","2014_15",1056,"Normal","2017_18",27
"Southwest Baptist University","2014_15",1070,"Normal","2017_18",45
"Southwest Minnesota State University","2014_15",990,"Normal","2017_18",45
"Southwestern Adventist University","2014_15",905,"Normal","2017_18",37
"Southwestern Christian University","2014_15",981,"Normal","2017_18",25
"Southwestern College","2014_15",1007,"Normal","2017_18",41
"Southwestern Oklahoma State University","2014_15",1010,"Normal","2017_18",31
"Southwestern University","2014_15",1159,"Normal","2017_18",74
"Spalding University","2014_15",967,"Normal","2017_18",45
"Spelman College","2014_15",1005,"Normal","2017_18",75
"Spring Arbor University","2014_15",1035,"Normal","2017_18",59
"Spring Hill College","2014_15",1116,"Normal","2017_18",53
"Springfield College","2014_15",1025,"Normal","2017_18",74
"St Bonaventure University","2014_15",1066,"Normal","2017_18",69
"St Catherine University","2014_15",1032,"Normal","2017_18",53
"St Francis College","2014_15",935,"Normal","2017_18",47
"St Olaf College","2014_15",1292,"Normal","2017_18",88
"St. Andrews University","2014_15",940,"Normal","2017_18",35
"St. John's College","2014_15",1323,"Normal","2017_18",65
"St. John's College","2014_15",1323,"Normal","2017_18",67
"St. John's University-New York","2014_15",1107,"Normal","2017_18",58
"St. Joseph's College-New York","2014_15",1031,"Normal","2017_18",71
"St. Mary's College of Maryland","2014_15",1188,"Normal","2017_18",78
"St. Mary's University","2014_15",1033,"Normal","2017_18",63
"St. Thomas Aquinas College","2014_15",958,"Normal","2017_18",54
"St. Thomas University","2014_15",919,"Normal","2017_18",44
"Stanford University","2014_15",1465,"Normal","2017_18",94
"State University of New York at New Paltz","2014_15",1122,"Normal","2017_18",72
"Stephen F Austin State University","2014_15",998,"Normal","2017_18",44
"Stephens College","2014_15",1064,"Normal","2017_18",61
"Sterling College","2014_15",978,"Normal","2017_18",42
"Sterling College","2014_15",978,"Normal","2017_18",39
"Stevens Institute of Technology","2014_15",1346,"Normal","2017_18",83
"Stevenson University","2014_15",990,"Normal","2017_18",54
"Stillman College","2014_15",811,"Normal","2017_18",28
"Stockton University","2014_15",1078,"Normal","2017_18",73
"Stony Brook University","2014_15",1254,"Normal","2017_18",72
"Suffolk University","2014_15",1049,"Normal","2017_18",60
"Sul Ross State University","2014_15",890,"Normal","2017_18",22
"Summit Christian College","2014_15",990,"Normal","2017_18",0
"SUNY at Albany","2014_15",1098,"Normal","2017_18",65
"SUNY at Fredonia","2014_15",1056,"Normal","2017_18",63
"SUNY at Purchase College","2014_15",1095,"Normal","2017_18",67
"SUNY Brockport","2014_15",1056,"Normal","2017_18",66
"SUNY Buffalo State","2014_15",939,"Normal","2017_18",47
"SUNY College at Geneseo","2014_15",1221,"Normal","2017_18",77
"SUNY College at Old Westbury","2014_15",995,"Normal","2017_18",48
"SUNY College at Oswego","2014_15",1106,"Normal","2017_18",66
"SUNY College at Plattsburgh","2014_15",1031,"Normal","2017_18",63
"SUNY College of Agriculture and Technology at Cobleskill","2014_15",877,"Normal","2017_18",44
"SUNY College of Environmental Science and Forestry","2014_15",1193,"Normal","2017_18",78
"SUNY Maritime College","2014_15",1106,"Normal","2017_18",63
"SUNY Oneonta","2014_15",1086,"Normal","2017_18",71
"SUNY Polytechnic Institute","2014_15",1099,"Normal","2017_18",52
"Swarthmore College","2014_15",1433,"Normal","2017_18",94
"Sweet Briar College","2014_15",1056,"Normal","2017_18",54
"Syracuse University","2014_15",1184,"Normal","2017_18",83
"Tabor College","2014_15",1037,"Normal","2017_18",38
"Tarleton State University","2014_15",961,"Normal","2017_18",46
"Taylor University","2014_15",1184,"Normal","2017_18",79
"Temple University","2014_15",1125,"Normal","2017_18",71
"Tennessee Technological University","2014_15",1105,"Normal","2017_18",49
"Tennessee Wesleyan University","2014_15",1002,"Normal","2017_18",40
"Texas A & M International University","2014_15",906,"Normal","2017_18",44
"Texas A & M University-College Station","2014_15",1206,"Normal","2017_18",82
"Texas A & M University-Commerce","2014_15",909,"Normal","2017_18",42
"Texas A & M University-Corpus Christi","2014_15",970,"Normal","2017_18",36
"Texas A & M University-Kingsville","2014_15",922,"Normal","2017_18",35
"Texas A&M University-Texarkana","2014_15",897,"Normal","2017_18",30
"Texas Christian University","2014_15",1207,"Normal","2017_18",83
"Texas Lutheran University","2014_15",1020,"Normal","2017_18",52
"Texas Southern University","2014_15",812,"Normal","2017_18",23
"Texas State University","2014_15",1032,"Normal","2017_18",54
"Texas Tech University","2014_15",1110,"Normal","2017_18",59
"Texas Wesleyan University","2014_15",984,"Normal","2017_18",35
"Texas Woman's University","2014_15",953,"Normal","2017_18",36
"The Baptist College of Florida","2014_15",962,"Normal","2017_18",47
"The Catholic University of America","2014_15",1130,"Normal","2017_18",74
"The College of Idaho","2014_15",1076,"Normal","2017_18",67
"The College of New Jersey","2014_15",1213,"Normal","2017_18",87
"The College of New Rochelle","2014_15",958,"Normal","2017_18",33
"The College of Saint Scholastica","2014_15",1106,"Normal","2017_18",67
"The College of Wooster","2014_15",1229,"Normal","2017_18",77
"The Evergreen State College","2014_15",1043,"Normal","2017_18",57
"The King's College","2014_15",1127,"Normal","2017_18",52
"The King's University","2014_15",1016,"Normal","2017_18",15
"The Master's University and Seminary","2014_15",1103,"Normal","2017_18",55
"The New School","2014_15",1117,"Normal","2017_18",67
"The University of Alabama","2014_15",1185,"Normal","2017_18",68
"The University of Findlay","2014_15",1035,"Normal","2017_18",61
"The University of Montana","2014_15",1075,"Normal","2017_18",46
"The University of Tampa","2014_15",1094,"Normal","2017_18",60
"The University of Tennessee-Chattanooga","2014_15",1088,"Normal","2017_18",45
"The University of Tennessee-Knoxville","2014_15",1198,"Normal","2017_18",70
"The University of Tennessee-Martin","2014_15",1050,"Normal","2017_18",50
"The University of Texas at Arlington","2014_15",1053,"Normal","2017_18",50
"The University of Texas at Austin","2014_15",1296,"Normal","2017_18",83
"The University of Texas at Dallas","2014_15",1259,"Normal","2017_18",69
"The University of Texas at El Paso","2014_15",941,"Normal","2017_18",41
"The University of Texas at San Antonio","2014_15",1037,"Normal","2017_18",37
"The University of Texas at Tyler","2014_15",1051,"Normal","2017_18",42
"The University of Texas Permian Basin","2014_15",963,"Normal","2017_18",43
"The University of Texas Rio Grande Valley","2014_15",953,"Normal","2017_18",45
"The University of the Arts","2014_15",1006,"Normal","2017_18",63
"The University of Virginia's College at Wise","2014_15",946,"Normal","2017_18",46
"The University of West Florida","2014_15",1065,"Normal","2017_18",44
"Thiel College","2014_15",970,"Normal","2017_18",47
"Thomas Aquinas College","2014_15",1261,"Normal","2017_18",79
"Thomas More University","2014_15",982,"Normal","2017_18",45
"Toccoa Falls College","2014_15",970,"Normal","2017_18",55
"Tougaloo College","2014_15",864,"Normal","2017_18",50
"Towson University","2014_15",1082,"Normal","2017_18",72
"Transylvania University","2014_15",1230,"Normal","2017_18",76
"Trevecca Nazarene University","2014_15",1066,"Normal","2017_18",54
"Trine University","2014_15",1078,"Normal","2017_18",55
"Trinity Baptist College","2014_15",899,"Normal","2017_18",35
"Trinity Bible College and Graduate School","2014_15",946,"Normal","2017_18",41
"Trinity Christian College","2014_15",1080,"Normal","2017_18",69
"Trinity International University-Illinois","2014_15",1062,"Normal","2017_18",52
"Trinity University","2014_15",1281,"Normal","2017_18",80
"Troy University","2014_15",1047,"Normal","2017_18",39
"Truett McConnell University","2014_15",971,"Normal","2017_18",38
"Truman State University","2014_15",1226,"Normal","2017_18",75
"Tufts University","2014_15",1423,"Normal","2017_18",93
"Tulane University of Louisiana","2014_15",1342,"Normal","2017_18",83
"Tusculum University","2014_15",990,"Normal","2017_18",33
"Tuskegee University","2014_15",978,"Normal","2017_18",52
"Union College","2014_15",1030,"Normal","2017_18",34
"Union College","2014_15",1030,"Normal","2017_18",85
"Union College","2014_15",1030,"Normal","2017_18",54
"Union College","2014_15",970,"Normal","2017_18",34
"Union College","2014_15",970,"Normal","2017_18",85
"Union College","2014_15",970,"Normal","2017_18",54
"Union University","2014_15",1170,"Normal","2017_18",68
"United States Air Force Academy","2014_15",1324,"Normal","2017_18",78
"United States Coast Guard Academy","2014_15",1260,"Normal","2017_18",80
"United States Military Academy","2014_15",1280,"Normal","2017_18",86
"United States Naval Academy","2014_15",1285,"Normal","2017_18",91
"University at Buffalo","2014_15",1165,"Normal","2017_18",75
"University of Akron Main Campus","2014_15",1050,"Normal","2017_18",38
"University of Alabama at Birmingham","2014_15",1107,"Normal","2017_18",53
"University of Alabama in Huntsville","2014_15",1219,"Normal","2017_18",49
"University of Arkansas","2014_15",1155,"Normal","2017_18",62
"University of Arkansas at Little Rock","2014_15",1048,"Normal","2017_18",32
"University of Arkansas at Pine Bluff","2014_15",886,"Normal","2017_18",29
"University of Baltimore","2014_15",920,"Normal","2017_18",33
"University of Bridgeport","2014_15",899,"Normal","2017_18",42
"University of California-Berkeley","2014_15",1382,"Normal","2017_18",91
"University of California-Davis","2014_15",1226,"Normal","2017_18",85
"University of California-Irvine","2014_15",1168,"Normal","2017_18",85
"University of California-Los Angeles","2014_15",1330,"Normal","2017_18",91
"University of California-Merced","2014_15",1031,"Normal","2017_18",64
"University of California-Riverside","2014_15",1128,"Normal","2017_18",75
"University of California-San Diego","2014_15",1313,"Normal","2017_18",85
"University of California-Santa Barbara","2014_15",1253,"Normal","2017_18",81
"University of California-Santa Cruz","2014_15",1149,"Normal","2017_18",77
"University of Central Arkansas","2014_15",1049,"Normal","2017_18",41
"University of Central Florida","2014_15",1185,"Normal","2017_18",70
"University of Central Missouri","2014_15",1010,"Normal","2017_18",49
"University of Central Oklahoma","2014_15",990,"Normal","2017_18",38
"University of Charleston","2014_15",988,"Normal","2017_18",49
"University of Chicago","2014_15",1505,"Normal","2017_18",93
"University of Cincinnati-Main Campus","2014_15",1165,"Normal","2017_18",69
"University of Colorado Boulder","2014_15",1207,"Normal","2017_18",69
"University of Colorado Colorado Springs","2014_15",1089,"Normal","2017_18",43
"University of Colorado Denver/Anschutz Medical Campus","2014_15",1055,"Normal","2017_18",45
"University of Connecticut","2014_15",1246,"Normal","2017_18",83
"University of Connecticut-Avery Point","2014_15",1050,"Normal","2017_18",58
"University of Connecticut-Stamford","2014_15",1001,"Normal","2017_18",64
"University of Connecticut-Waterbury Campus","2014_15",1004,"Normal","2017_18",59
"University of Dallas","2014_15",1211,"Normal","2017_18",68
"University of Dayton","2014_15",1194,"Normal","2017_18",79
"University of Delaware","2014_15",1194,"Normal","2017_18",82
"University of Denver","2014_15",1231,"Normal","2017_18",75
"University of Detroit Mercy","2014_15",1110,"Normal","2017_18",62
"University of Dubuque","2014_15",941,"Normal","2017_18",43
"University of Evansville","2014_15",1144,"Normal","2017_18",72
"University of Florida","2014_15",1273,"Normal","2017_18",88
"University of Georgia","2014_15",1248,"Normal","2017_18",85
"University of Hartford","2014_15",1000,"Normal","2017_18",54
"University of Hawaii at Hilo","2014_15",936,"Normal","2017_18",41
"University of Hawaii at Manoa","2014_15",1070,"Normal","2017_18",60
"University of Houston","2014_15",1139,"Normal","2017_18",54
"University of Houston-Downtown","2014_15",894,"Normal","2017_18",21
"University of Idaho","2014_15",1057,"Normal","2017_18",55
"University of Illinois Chicago","2014_15",1125,"Normal","2017_18",57
"University of Illinois Springfield","2014_15",1081,"Normal","2017_18",50
"University of Illinois Urbana-Champaign","2014_15",1326,"Normal","2017_18",85
"University of Indianapolis","2014_15",1018,"Normal","2017_18",56
"University of Iowa","2014_15",1164,"Normal","2017_18",74
"University of Jamestown","2014_15",1178,"Normal","2017_18",53
"University of Kansas","2014_15",1145,"Normal","2017_18",63
"University of Kentucky","2014_15",1142,"Normal","2017_18",65
"University of La Verne","2014_15",1014,"Normal","2017_18",66
"University of Louisiana at Lafayette","2014_15",1070,"Normal","2017_18",44
"University of Louisiana at Monroe","2014_15",1030,"Normal","2017_18",41
"University of Louisville","2014_15",1144,"Normal","2017_18",54
"University of Lynchburg","2014_15",998,"Normal","2017_18",59
"University of Maine","2014_15",1078,"Normal","2017_18",58
"University of Maine at Fort Kent","2014_15",899,"Normal","2017_18",35
"University of Mary","2014_15",1050,"Normal","2017_18",54
"University of Mary Hardin-Baylor","2014_15",1064,"Normal","2017_18",48
"University of Mary Washington","2014_15",1114,"Normal","2017_18",71
"University of Maryland Eastern Shore","2014_15",842,"Normal","2017_18",38
"University of Maryland-Baltimore County","2014_15",1213,"Normal","2017_18",63
"University of Maryland-College Park","2014_15",1315,"Normal","2017_18",85
"University of Massachusetts-Amherst","2014_15",1217,"Normal","2017_18",77
"University of Massachusetts-Boston","2014_15",1050,"Normal","2017_18",48
"University of Massachusetts-Dartmouth","2014_15",1025,"Normal","2017_18",48
"University of Massachusetts-Lowell","2014_15",1145,"Normal","2017_18",60
"University of Memphis","2014_15",1029,"Normal","2017_18",43
"University of Miami","2014_15",1330,"Normal","2017_18",84
"University of Michigan-Ann Arbor","2014_15",1380,"Normal","2017_18",92
"University of Michigan-Dearborn","2014_15",1105,"Normal","2017_18",54
"University of Michigan-Flint","2014_15",993,"Normal","2017_18",44
"University of Minnesota-Crookston","2014_15",1006,"Normal","2017_18",54
"University of Minnesota-Duluth","2014_15",1110,"Normal","2017_18",59
"University of Minnesota-Morris","2014_15",1148,"Normal","2017_18",59
"University of Minnesota-Rochester","2014_15",1112,"Normal","2017_18",61
"University of Minnesota-Twin Cities","2014_15",1271,"Normal","2017_18",80
"University of Mississippi","2014_15",1098,"Normal","2017_18",60
"University of Missouri-Columbia","2014_15",1166,"Normal","2017_18",68
"University of Missouri-Kansas City","2014_15",1129,"Normal","2017_18",48
"University of Missouri-St Louis","2014_15",1105,"Normal","2017_18",56
"University of Mobile","2014_15",1014,"Normal","2017_18",45
"University of Montevallo","2014_15",1070,"Normal","2017_18",50
"University of Mount Olive","2014_15",902,"Normal","2017_18",42
"University of Mount Union","2014_15",1057,"Normal","2017_18",62
"University of Nebraska at Kearney","2014_15",1049,"Normal","2017_18",61
"University of Nebraska at Omaha","2014_15",1050,"Normal","2017_18",47
"University of Nebraska-Lincoln","2014_15",1146,"Normal","2017_18",68
"University of Nevada-Las Vegas","2014_15",1000,"Normal","2017_18",42
"University of Nevada-Reno","2014_15",1081,"Normal","2017_18",55
"University of New England","2014_15",1073,"Normal","2017_18",59
"University of New Hampshire at Manchester","2014_15",1010,"Normal","2017_18",40
"University of New Hampshire-Main Campus","2014_15",1104,"Normal","2017_18",78
"University of New Haven","2014_15",1063,"Normal","2017_18",60
"University of New Mexico-Main Campus","2014_15",1060,"Normal","2017_18",49
"University of New Orleans","2014_15",1082,"Normal","2017_18",32
"University of North Alabama","2014_15",1029,"Normal","2017_18",45
"University of North Carolina at Asheville","2014_15",1191,"Normal","2017_18",62
"University of North Carolina at Chapel Hill","2014_15",1328,"Normal","2017_18",91
"University of North Carolina at Charlotte","2014_15",1079,"Normal","2017_18",54
"University of North Carolina at Greensboro","2014_15",1043,"Normal","2017_18",54
"University of North Carolina at Pembroke","2014_15",930,"Normal","2017_18",40
"University of North Carolina School of the Arts","2014_15",1116,"Normal","2017_18",70
"University of North Carolina Wilmington","2014_15",1145,"Normal","2017_18",72
"University of North Dakota","2014_15",1090,"Normal","2017_18",54
"University of North Florida","2014_15",1133,"Normal","2017_18",57
"University of North Georgia","2014_15",1016,"Normal","2017_18",29
"University of North Texas","2014_15",1096,"Normal","2017_18",54
"University of North Texas at Dallas","2014_15",887,"Normal","2017_18",26
"University of Northern Colorado","2014_15",1033,"Normal","2017_18",48
"University of Northern Iowa","2014_15",1050,"Normal","2017_18",68
"University of Northwestern-St Paul","2014_15",1110,"Normal","2017_18",62
"University of Notre Dame","2014_15",1450,"Normal","2017_18",95
"University of Oklahoma-Norman Campus","2014_15",1189,"Normal","2017_18",67
"University of Oregon","2014_15",1116,"Normal","2017_18",72
"University of Pennsylvania","2014_15",1452,"Normal","2017_18",96
"University of Pikeville","2014_15",966,"Normal","2017_18",30
"University of Pittsburgh-Bradford","2014_15",985,"Normal","2017_18",42
"University of Pittsburgh-Greensburg","2014_15",1011,"Normal","2017_18",31
"University of Pittsburgh-Johnstown","2014_15",1014,"Normal","2017_18",47
"University of Pittsburgh-Pittsburgh Campus","2014_15",1275,"Normal","2017_18",82
"University of Portland","2014_15",1195,"Normal","2017_18",82
"University of Puerto Rico-Aguadilla","2014_15",1054,"Normal","2017_18",42
"University of Puerto Rico-Carolina","2014_15",1013,"Normal","2017_18",46
"University of Puerto Rico-Cayey","2014_15",1147,"Normal","2017_18",45
"University of Puerto Rico-Rio Piedras","2014_15",1188,"Normal","2017_18",58
"University of Puget Sound","2014_15",1230,"Normal","2017_18",78
"University of Redlands","2014_15",1110,"Normal","2017_18",77
"University of Rhode Island","2014_15",1077,"Normal","2017_18",66
"University of Richmond","2014_15",1337,"Normal","2017_18",88
"University of Saint Francis-Fort Wayne","2014_15",981,"Normal","2017_18",58
"University of Saint Joseph","2014_15",969,"Normal","2017_18",68
"University of Saint Mary","2014_15",1002,"Normal","2017_18",44
"University of San Diego","2014_15",1243,"Normal","2017_18",82
"University of San Francisco","2014_15",1152,"Normal","2017_18",77
"University of Science and Arts of Oklahoma","2014_15",1039,"Normal","2017_18",31
"University of Scranton","2014_15",1125,"Normal","2017_18",77
"University of Sioux Falls","2014_15",1028,"Normal","2017_18",49
"University of South Alabama","2014_15",1048,"Normal","2017_18",40
"University of South Carolina Aiken","2014_15",970,"Normal","2017_18",41
"University of South Carolina Beaufort","2014_15",933,"Normal","2017_18",27
"University of South Carolina-Columbia","2014_15",1217,"Normal","2017_18",75
"University of South Carolina-Upstate","2014_15",947,"Normal","2017_18",43
"University of South Dakota","2014_15",1044,"Normal","2017_18",55
"University of South Florida","2014_15",1162,"Normal","2017_18",71
"University of South Florida-St Petersburg","2014_15",1162,"Normal","2017_18",36
"University of Southern California","2014_15",1380,"Normal","2017_18",92
"University of Southern Indiana","2014_15",1001,"Normal","2017_18",41
"University of Southern Maine","2014_15",998,"Normal","2017_18",33
"University of Southern Mississippi","2014_15",1029,"Normal","2017_18",47
"University of St Francis","2014_15",1064,"Normal","2017_18",63
"University of St Thomas","2014_15",1204,"Normal","2017_18",77
"University of St Thomas","2014_15",1204,"Normal","2017_18",57
"University of St Thomas","2014_15",1111,"Normal","2017_18",77
"University of St Thomas","2014_15",1111,"Normal","2017_18",57
"University of the Cumberlands","2014_15",1038,"Normal","2017_18",41
"University of the Incarnate Word","2014_15",963,"Normal","2017_18",53
"University of the Ozarks","2014_15",1061,"Normal","2017_18",51
"University of the Pacific","2014_15",1185,"Normal","2017_18",70
"University of the Sciences","2014_15",1169,"Normal","2017_18",73
"University of the Virgin Islands","2014_15",796,"Normal","2017_18",23
"University of Toledo","2014_15",1031,"Normal","2017_18",41
"University of Tulsa","2014_15",1296,"Normal","2017_18",69
"University of Utah","2014_15",1131,"Normal","2017_18",67
"University of Valley Forge","2014_15",941,"Normal","2017_18",45
"University of Vermont","2014_15",1191,"Normal","2017_18",75
"University of Virginia-Main Campus","2014_15",1357,"Single","2017_18",95
"University of Washington-Bothell Campus","2014_15",1009,"Normal","2017_18",64
"University of Washington-Seattle Campus","2014_15",1240,"Normal","2017_18",84
"University of Washington-Tacoma Campus","2014_15",979,"Normal","2017_18",58
"University of West Alabama","2014_15",990,"Normal","2017_18",33
"University of West Georgia","2014_15",950,"Normal","2017_18",40
"University of Wisconsin-Eau Claire","2014_15",1110,"Normal","2017_18",67
"University of Wisconsin-Green Bay","2014_15",1050,"Normal","2017_18",51
"University of Wisconsin-La Crosse","2014_15",1145,"Normal","2017_18",71
"University of Wisconsin-Madison","2014_15",1286,"Normal","2017_18",87
"University of Wisconsin-Milwaukee","2014_15",1010,"Normal","2017_18",41
"University of Wisconsin-Oshkosh","2014_15",1030,"Normal","2017_18",52
"University of Wisconsin-Parkside","2014_15",990,"Normal","2017_18",34
"University of Wisconsin-Platteville","2014_15",1090,"Normal","2017_18",53
"University of Wisconsin-River Falls","2014_15",1050,"Normal","2017_18",53
"University of Wisconsin-Stevens Point","2014_15",1050,"Normal","2017_18",65
"University of Wisconsin-Stout","2014_15",1050,"Normal","2017_18",54
"University of Wisconsin-Superior","2014_15",1010,"Normal","2017_18",43
"University of Wisconsin-Whitewater","2014_15",1050,"Normal","2017_18",62
"University of Wyoming","2014_15",1118,"Normal","2017_18",58
"Upper Iowa University","2014_15",950,"Normal","2017_18",41
"Ursuline College","2014_15",1014,"Normal","2017_18",53
"Utah State University","2014_15",1067,"Normal","2017_18",50
"Valdosta State University","2014_15",1018,"Normal","2017_18",37
"Valley City State University","2014_15",1020,"Normal","2017_18",35
"Valparaiso University","2014_15",1155,"Normal","2017_18",72
"Vanderbilt University","2014_15",1481,"Normal","2017_18",92
"VanderCook College of Music","2014_15",1109,"Normal","2017_18",76
"Vanguard University of Southern California","2014_15",970,"Normal","2017_18",61
"Vassar College","2014_15",1403,"Normal","2017_18",91
"Villanova University","2014_15",1313,"Normal","2017_18",90
"Virginia Commonwealth University","2014_15",1105,"Normal","2017_18",63
"Virginia Military Institute","2014_15",1162,"Normal","2017_18",77
"Virginia Polytechnic Institute and State University","2014_15",1215,"Normal","2017_18",84
"Virginia State University","2014_15",837,"Normal","2017_18",42
"Virginia Union University","2014_15",776,"Normal","2017_18",27
"Virginia Wesleyan University","2014_15",991,"Normal","2017_18",52
"Visible Music College","2014_15",1031,"Normal","2017_18",29
"Viterbo University","2014_15",1089,"Normal","2017_18",55
"Wabash College","2014_15",1128,"Normal","2017_18",77
"Waldorf University","2014_15",913,"Normal","2017_18",29
"Walla Walla University","2014_15",1075,"Normal","2017_18",61
"Walsh University","2014_15",1043,"Normal","2017_18",61
"Warner University","2014_15",863,"Normal","2017_18",40
"Warren Wilson College","2014_15",1134,"Normal","2017_18",53
"Wartburg College","2014_15",1100,"Normal","2017_18",65
"Washington Adventist University","2014_15",854,"Normal","2017_18",37
"Washington and Lee University","2014_15",1395,"Normal","2017_18",92
"Washington State University","2014_15",1030,"Normal","2017_18",62
"Washington University in St Louis","2014_15",1478,"Normal","2017_18",94
"Watkins College of Art Design & Film","2014_15",1000,"Normal","2017_18",38
"Wayland Baptist University","2014_15",946,"Normal","2017_18",20
"Wayne State University","2014_15",1070,"Normal","2017_18",47
"Waynesburg University","2014_15",1008,"Normal","2017_18",66
"Webb Institute","2014_15",1420,"Normal","2017_18",77
"Webber International University","2014_15",950,"Normal","2017_18",32
"Webster University","2014_15",1105,"Normal","2017_18",64
"Wellesley College","2014_15",1390,"Normal","2017_18",89
"Wells College","2014_15",1053,"Normal","2017_18",47
"Wentworth Institute of Technology","2014_15",1116,"Normal","2017_18",67
"Wesley College","2014_15",853,"Normal","2017_18",17
"West Chester University of Pennsylvania","2014_15",1079,"Normal","2017_18",73
"West Liberty University","2014_15",965,"Normal","2017_18",48
"West Texas A & M University","2014_15",970,"Normal","2017_18",41
"West Virginia State University","2014_15",942,"Normal","2017_18",26
"West Virginia University","2014_15",1069,"Normal","2017_18",58
"West Virginia University Institute of Technology","2014_15",983,"Normal","2017_18",22
"West Virginia Wesleyan College","2014_15",1005,"Normal","2017_18",50
"Western Carolina University","2014_15",1035,"Normal","2017_18",59
"Western Colorado University","2014_15",990,"Normal","2017_18",41
"Western Connecticut State University","2014_15",981,"Normal","2017_18",44
"Western Illinois University","2014_15",970,"Normal","2017_18",50
"Western Kentucky University","2014_15",1047,"Normal","2017_18",43
"Western Michigan University","2014_15",1030,"Normal","2017_18",51
"Western New England University","2014_15",1077,"Normal","2017_18",59
"Western Oregon University","2014_15",1001,"Normal","2017_18",44
"Western Washington University","2014_15",1110,"Normal","2017_18",69
"Westfield State University","2014_15",997,"Normal","2017_18",65
"Westminster College","2014_15",1122,"Normal","2017_18",70
"Westminster College","2014_15",1122,"Normal","2017_18",65
"Westminster College","2014_15",1122,"Normal","2017_18",62
"Westminster College","2014_15",1114,"Normal","2017_18",70
"Westminster College","2014_15",1114,"Normal","2017_18",65
"Westminster College","2014_15",1114,"Normal","2017_18",62
"Westminster College","2014_15",1055,"Normal","2017_18",70
"Westminster College","2014_15",1055,"Normal","2017_18",65
"Westminster College","2014_15",1055,"Normal","2017_18",62
"Westmont College","2014_15",1175,"Normal","2017_18",75
"Wheaton College","2014_15",1311,"Normal","2017_18",78
"Wheaton College","2014_15",1311,"Normal","2017_18",89
"Wheeling University","2014_15",1032,"Normal","2017_18",64
"Wheelock College","2014_15",963,"Normal","2017_18",57
"Whitman College","2014_15",1323,"Normal","2017_18",88
"Whittier College","2014_15",1061,"Normal","2017_18",69
"Widener University","2014_15",1023,"Normal","2017_18",57
"Wilberforce University","2014_15",735,"Normal","2017_18",26
"Wilkes University","2014_15",1045,"Normal","2017_18",60
"Willamette University","2014_15",1209,"Normal","2017_18",73
"William & Mary","2014_15",1373,"Normal","2017_18",92
"William Carey University","2014_15",1080,"Normal","2017_18",57
"William Jessup University","2014_15",1009,"Normal","2017_18",64
"William Jewell College","2014_15",1141,"Normal","2017_18",59
"William Paterson University of New Jersey","2014_15",980,"Normal","2017_18",55
"William Peace University","2014_15",890,"Normal","2017_18",39
"William Woods University","2014_15",1042,"Normal","2017_18",59
"Williams Baptist University","2014_15",983,"Normal","2017_18",42
"Williams College","2014_15",1452,"Normal","2017_18",94
"Wilmington College","2014_15",970,"Normal","2017_18",58
"Wilson College","2014_15",976,"Normal","2017_18",51
"Wingate University","2014_15",1001,"Normal","2017_18",52
"Winona State University","2014_15",1050,"Normal","2017_18",61
"Winston-Salem State University","2014_15",859,"Normal","2017_18",49
"Winthrop University","2014_15",1053,"Normal","2017_18",57
"Wisconsin Lutheran College","2014_15",1079,"Normal","2017_18",67
"Wofford College","2014_15",1194,"Normal","2017_18",81
"Worcester State University","2014_15",997,"Normal","2017_18",55
"Xavier University","2014_15",1113,"Normal","2017_18",69
"Xavier University of Louisiana","2014_15",1039,"Normal","2017_18",44
"Yale University","2014_15",1493,"Normal","2017_18",97
"Yeshiva University","2014_15",1221,"Normal","2017_18",82
"York College","2014_15",970,"Normal","2017_18",54
"York College of Pennsylvania","2014_15",1050,"Normal","2017_18",57
"Young Harris College","2014_15",990,"Normal","2017_18",33
"Youngstown State University","2014_15",985,"Normal","2017_18",34
